职位,公司名称,公司规模,要求学历,省份,所属市,所属区,月薪,最高月薪,最低月薪,工作经验
python工程师（爬虫方向）,广东君润数智科技有限公司,,本科,安徽省,合肥,蜀山区,1-1.5万,15000,10000,3年及以上
视觉软件工程师,俊杰机械（广东）有限公司,150-500人,大专,深圳,深圳,宝安区,1.8-2.5万,25000,18000,5年及以上
Python工程师,东莞群福塑胶制品有限公司,500-1000人,大专,广东省,东莞,厚街镇,6-8千,8000,6000,1年及以上
python工程师,南京品德网络信息技术有限公司,50-150人,本科,江苏省,南京,雨花台区,1-1.2万,12000,10000,3年及以上
python工程师,布廷恩工程管理（北京）有限公司,150-500人,本科,上海,上海,嘉定区,1.5-3万·13薪,30000,15000,2年及以上
python后端开发工程师,广州市派客朴食信息科技有限责任公司,150-500人,本科,广东省,广州,海珠区,1.8-2.6万,26000,18000,5-10年
python工程师,兰州容大信息科技有限公司,少于50人,本科,甘肃省,兰州,七里河区,6-8千,8000,6000,2年及以上
Python工程师(J10563),立信会计师事务所（特殊普通合伙）,5000-10000人,本科,上海,上海,黄浦区,1.1-1.5万·13薪,15000,11001,2年及以上
C++开发工程师,深圳市中泰安投资有限公司,少于50人,本科,深圳,深圳,宝安区,1-2万,20000,10000,1年及以上
Python工程师,成都卡莱博尔信息技术股份有限公司,50-150人,本科,四川省,成都,高新区,1-1.8万,18000,10000,3年及以上
python工程师,广东鑫浪信息科技有限公司,50-150人,大专,广东省,广州,海珠区,7-9千,9000,7000,2年及以上
python工程师,成都博瑞科传科技有限公司,少于50人,本科,四川省,成都,武侯区,7千-1.4万·13薪,14000,7000,3年及以上
Python工程师,杭州火途教育科技有限公司,50-150人,本科,深圳,深圳,龙岗区,9千-1.1万,11000,9000,5年及以上
Python工程师,兰笺（苏州）科技有限公司,50-150人,本科,江苏省,苏州,苏州工业园区,7千-1万·14薪,10000,7000,1-3年
Python工程师（模型应用）(J13076),上海岩山科技股份有限公司,500-1000人,本科,上海,上海,浦东新区,3-4万,40000,30000,4年及以上
Python工程师,广东时代互联科技有限公司,50-150人,本科,广东省,珠海,香洲区,5-9千,9000,5000,1-3年
自动控制工程师,广州思肯德电子测量设备有限公司,50-150人,本科,广东省,广州,黄埔区,1.2-2万·13薪,20000,12000,3年及以上
python工程师,北京锐玑精械智能电子科技有限公司,50-150人,本科,深圳,深圳,南山区,7千-1.1万,11000,7000,无需经验
Python工程师,广东时代互联科技有限公司,50-150人,本科,深圳,深圳,南山区,5-9千,9000,5000,1-3年
python工程师,宁波华港国际船舶代理有限公司,50-150人,本科,浙江省,宁波,鄞州区,10-15万/年,,,3年及以上
Python工程师,鑫能元（上海）科技有限责任公司,少于50人,大专,上海,上海,松江区,1-1.8万,18000,10000,3年及以上
python工程师,北京锐玑精械智能电子科技有限公司,50-150人,本科,浙江省,杭州,上城区,7千-1.1万,11000,7000,无需经验
python工程师,上海唯析信息科技有限公司,少于50人,本科,上海,上海,嘉定区,8千-1.2万·13薪,12000,8000,无需经验
Python工程师,青岛启环国际贸易有限公司,50-150人,大专,山东省,青岛,黄岛区,6-8千,8000,6000,3年及以上
Python工程师,南京宙讯微电子科技有限公司,50-150人,本科,江苏省,南京,江宁区,6-8千,8000,6000,2年及以上
python工程师,北京锐玑精械智能电子科技有限公司,50-150人,本科,安徽省,合肥,包河区,7千-1.1万,11000,7000,无需经验
Python工程师,江苏神州半导体科技有限公司,150-500人,本科,江苏省,扬州,邗江区,8千-1.5万,15000,8000,1年及以上
数据采集工程师-Python工程,上海宜企网络技术有限公司,50-150人,大专,上海,上海,浦东新区,6千-1万,10000,6000,3年及以上
python工程师,北京锐玑精械智能电子科技有限公司,50-150人,本科,上海,上海,嘉定区,7千-1.1万·13薪,11000,7000,无需经验
Python工程师,无锡秉杰机械有限公司,50-150人,本科,江苏省,无锡,新吴区,1-1.5万,15000,10000,3-5年
Python工程师,南京小草半导体有限公司,少于50人,本科,江苏省,南京,江宁区,6-8千,8000,6000,2年及以上
python工程师,成都蓉猫云科科技有限公司,50-150人,本科,四川省,成都,锦江区,7千-1万,10000,7000,无需经验
Python工程师（数据分析）,默升科技（上海）有限公司,150-500人,本科,上海,上海,浦东新区,20-30万/年,,,3年及以上
python工程师(兼职）,南京小草半导体有限公司,少于50人,本科,江苏省,南京,江宁区,500元/天,,,2年及以上
python工程师,北京锐玑精械智能电子科技有限公司,50-150人,本科,上海,上海,嘉定区,7千-1.1万·13薪,11000,7000,无需经验
python开发工程师,深圳市天龙科技有限公司,50-150人,大专,河南省,郑州,管城回族区,8千-1.6万,16000,8000,2年及以上
Python数据采集工程师,上海携宁计算机科技股份有限公司,500-1000人,本科,陕西省,西安,雁塔区,8千-1万,10000,8000,2年及以上
python开发工程师,安徽长江数智云计算科技股份有限公司,少于50人,本科,安徽省,马鞍山,花山区,1-1.5万,15000,10000,3年及以上
python工程师,北京锐玑精械智能电子科技有限公司,50-150人,本科,安徽省,合肥,包河区,7千-1.1万,11000,7000,无需经验
Python开发工程师,湖南艾佳威信息技术有限公司,50-150人,大专,湖南省,株洲,天元区,7千-1.2万,12000,7000,2年及以上
python开发工程师,四川威名科技有限公司,50-150人,本科,四川省,成都,青羊区,9千-1.4万,14000,9000,2年及以上
python工程师,北京锐玑精械智能电子科技有限公司,50-150人,本科,北京,北京,海淀区,7千-1.1万,11000,7000,无需经验
python开发工程师,云手（湖北）科技有限公司,50-150人,本科,湖北省,武汉,江岸区,8千-1.5万·13薪,15000,8000,2-5年
python开发工程师,上海帮伯信息科技有限公司,少于50人,本科,上海,上海,闵行区,1-1.8万·13薪,18000,10000,2-7年
python开发工程师,河南省信息咨询设计研究有限公司,500-1000人,本科,河南省,郑州,中原区,8千-1.5万,15000,8000,2年及以上
python工程师,北京锐玑精械智能电子科技有限公司,50-150人,本科,天津,天津,西青区,7千-1.1万,11000,7000,无需经验
python开发工程师,广州碧软信息科技有限公司,500-1000人,大专,湖北省,武汉,洪山区,1.1-1.4万,14000,11000,2-4年
python工程师,北京锐玑精械智能电子科技有限公司,50-150人,本科,广东省,广州,天河区,7千-1.1万,11000,7000,无需经验
Python开发工程师,上海博为峰信息技术有限公司,1000-5000人,大专,上海,上海,浦东新区,1.7-1.9万,19000,17000,5-10年
python开发工程师,浙江巨能环境工程有限公司,50-150人,本科,浙江省,杭州,滨江区,1.5-3万·13薪,30000,15000,3年及以上
python开发工程师,安徽策美网络科技有限公司深圳分公司,,本科,上海,上海,徐汇区,1-1.8万·14薪,18000,10000,2年及以上
Python开发工程师,武汉邻盛智能设备有限公司,50-150人,本科,湖北省,武汉,汉阳区,1.2-1.8万,18000,12000,2年及以上
Python高级开发工程师,上海杏和软件有限公司,150-500人,本科,浙江省,杭州,滨江区,1.3-2.6万·13薪,26000,13000,3年及以上
python开发工程师,广州华资软件技术有限公司,1000-5000人,本科,广东省,广州,天河区,1.4-1.8万,18000,14000,3年及以上
python开发工程师,安徽长江数智云计算科技股份有限公司,少于50人,本科,安徽省,马鞍山,花山区,1-1.5万,15000,10000,3年及以上
python开发工程师,云手（湖北）科技有限公司,50-150人,本科,湖北省,武汉,江岸区,8千-1.5万·13薪,15000,8000,2-5年
python开发工程师,武汉佰钧成技术有限责任公司,10000人以上,本科,湖北省,武汉,武昌区,1-1.4万,14000,10000,3年及以上
Python爬虫工程师,武汉乐薇电子商务有限公司,50-150人,本科,湖北省,武汉,洪山区,1-1.5万,15000,10000,3年及以上
python工程师,北京锐玑精械智能电子科技有限公司,50-150人,本科,安徽省,合肥,包河区,7千-1.1万,11000,7000,无需经验
Python开发工程师,深圳市联华世纪通信技术有限公司,少于50人,本科,深圳,深圳,福田区,1-2万·13薪,20000,10000,2年及以上
Python开发工程师,上海鑫测信息技术有限公司,少于50人,本科,上海,上海,浦东新区,1.4-2.8万,28000,14000,3年及以上
Python开发工程师,东吴在线（上海）金融信息服务有限公司,50-150人,本科,江苏省,苏州,苏州工业园区,1.3-1.8万,18000,13000,5年及以上
高级python开发工程师,苏州中惠盈科技有限公司,少于50人,本科,江苏省,苏州,苏州工业园区,1-1.5万,15000,10000,2年及以上
python工程师,成都蓉猫云科科技有限公司,50-150人,本科,四川省,成都,锦江区,7千-1万,10000,7000,无需经验
python开发工程师,上海帮伯信息科技有限公司,少于50人,本科,上海,上海,闵行区,1-1.8万·13薪,18000,10000,2-7年
Python开发工程师（光谷）,曼迪匹艾（武汉）科技服务有限公司,1000-5000人,本科,湖北省,武汉,洪山区,1.4-2.4万,24000,14000,3年及以上
python开发工程师,江苏鱼跃医疗设备股份有限公司,10000人以上,本科,江苏省,南京,玄武区,1.2-2.4万·14薪,24000,12000,4年及以上
Python爬虫工程师,见鲸科技（南京）有限公司,50-150人,本科,江苏省,南京,秦淮区,1-1.7万·13薪,17000,10000,3-5年
python开发工程师,上海全晓信息技术有限公司,150-500人,本科,上海,上海,徐汇区,1.5-2万,20000,15000,3年及以上
python开发工程师,上海岩山科技股份有限公司,500-1000人,本科,上海,上海,浦东新区,2.8-3.5万,35000,28000,5年及以上
python开发工程师,四川威名科技有限公司,50-150人,本科,四川省,成都,青羊区,9千-1.4万,14000,9000,2年及以上
python开发工程师,浙江巨能环境工程有限公司,50-150人,本科,浙江省,杭州,滨江区,1.5-3万·13薪,30000,15000,3年及以上
Python开发工程师,深圳摩罗志远科技有限公司,150-500人,本科,广东省,东莞,凤岗镇,1.5-2.5万,25000,15000,3年及以上
python开发工程师,云南智讯达科技开发有限公司,少于50人,本科,云南省,昆明,西山区,8千-1.2万,12000,8000,2年及以上
python开发工程师,河南省信息咨询设计研究有限公司,500-1000人,本科,河南省,郑州,中原区,8千-1.5万,15000,8000,2年及以上
python开发工程师,佛山市益帕瓦物联科技有限公司,50-150人,本科,广东省,佛山,顺德区,1-1.5万·13薪,15000,10000,2-7年
python开发工程师,上海亦恺互联网科技有限公司,50-150人,本科,上海,上海,静安区,1.5-2万,20000,15000,5年及以上
Python应用开发工程师,深圳易弧文化科技有限公司,少于50人,本科,深圳,深圳,宝安区,1-2万,20000,10000,3-4年
python开发工程师,中软国际科技服务有限公司,10000人以上,本科,深圳,深圳,龙岗区,1-1.8万·13薪,18000,10000,3年及以上
python工程师,北京锐玑精械智能电子科技有限公司,50-150人,本科,广东省,广州,天河区,7千-1.1万,11000,7000,无需经验
Python开发工程师,南京中新赛克科技有限责任公司,1000-5000人,本科,江苏省,南京,雨花台区,1.4-2万·13薪,20000,14000,3-5年
python运维开发工程师,中才邦业（杭州）智能技术有限公司,150-500人,本科,浙江省,杭州,滨江区,1.3-1.8万·14薪,18000,13000,3年及以上
Python开发工程师,云南云岭工程造价咨询有限公司,500-1000人,本科,云南省,昆明,盘龙区,7千-1万,10000,7000,2年及以上
Python开发工程师,青岛启环国际贸易有限公司,50-150人,本科,山东省,青岛,黄岛区,8千-1万,10000,8000,3-4年
python开发工程师,四川瀚海精密制造有限公司,500-1000人,本科,四川省,广安,华蓥市,1-1.8万,18000,10000,2-7年
Python软件工程师,浙江艾罗网络能源技术股份有限公司,1000-5000人,本科,浙江省,杭州,西湖区,2-2.8万·15薪,28000,20000,5-10年
Python开发工程师,上海凌瓴信息科技有限公司,少于50人,硕士,上海,上海,浦东新区,1.5-3万,30000,15000,3-4年
Python全栈开发工程师,普罗斯通信技术（苏州）有限公司,1000-5000人,本科,江苏省,苏州,昆山市,8千-1.5万,15000,8000,3年及以上
python开发工程师,武汉云稼数字科技有限公司,,本科,湖北省,武汉,江夏区,1-1.3万,13000,10000,3年及以上
python开发工程师,成都市武侯区进阶思维教育培训学校有限公司,少于50人,本科,四川省,成都,武侯区,7-9千,9000,7000,1年及以上
python开发工程师,上海亦恺互联网科技有限公司,50-150人,本科,上海,上海,静安区,1.5-2万,20000,15000,5年及以上
Python开发工程师,南京中新赛克科技有限责任公司,1000-5000人,本科,江苏省,南京,雨花台区,1.4-2万·13薪,20000,14000,3-5年
python开发工程师,中软国际科技服务有限公司,10000人以上,本科,深圳,深圳,龙岗区,1-1.8万·13薪,18000,10000,3年及以上
高级python开发工程师,苏州中惠盈科技有限公司,少于50人,本科,江苏省,苏州,苏州工业园区,1-1.5万,15000,10000,2年及以上
python开发工程师,云南智讯达科技开发有限公司,少于50人,本科,云南省,昆明,西山区,8千-1.2万,12000,8000,2年及以上
Python开发工程师,上海恪数科技有限公司,少于50人,高中,上海,上海,黄浦区,7-8千·13薪,8000,7000,1-4年
Python开发工程师,北京芯同汇科技有限公司,少于50人,本科,北京,北京,昌平区,8千-1.5万,15000,8000,3-4年
Python开发工程师,青岛启环国际贸易有限公司,50-150人,本科,山东省,青岛,黄岛区,8千-1万,10000,8000,3-4年
Python爬虫开发工程师,中欧国际展览股份有限公司,50-150人,大专,四川省,成都,双流区,8千-1万,10000,8000,3年及以上
python高级工程师,河南省信息咨询设计研究有限公司,500-1000人,大专,河南省,郑州,中原区,8千-1.3万,13000,8000,3年及以上
Python开发工程师,上海现代通用识别技术有限公司,50-150人,本科,上海,上海,闵行区,1.5-2万·13薪,20000,15000,3年及以上
Python开发工程师,武汉吉嘉时空信息技术有限公司,50-150人,本科,湖北省,武汉,江夏区,1-1.8万,18000,10000,1年
中级Python开发工程师,知行奇点（苏州）计算机技术有限责任公司,,本科,江苏省,苏州,吴中区,1.4-1.8万,18000,14000,3年及以上
Python开发工程师,上海鑫测信息技术有限公司,少于50人,本科,上海,上海,浦东新区,1.4-2.8万,28000,14000,3年及以上
python开发工程师,青岛鹊山电力科技有限公司,少于50人,本科,浙江省,杭州,富阳区,10-15万/年,,,1年及以上
Python AI应用开发工程师,苏州博语创思文化创意有限公司,50-150人,本科,江苏省,苏州,苏州工业园区,9千-1.5万·13薪,15000,9000,2年及以上
Python开发工程师,深圳市紫川软件有限公司,500-1000人,本科,深圳,深圳,福田区,1.5-2万,20000,15000,3年及以上
Python研发工程师（AI应用方向）,浙江省公众信息产业有限公司,1000-5000人,本科,浙江省,杭州,余杭区,15-30万/年,,,2年及以上
python开发工程师,北京垣械电子科技有限公司,500-1000人,大专,辽宁省,沈阳,沈河区,8千-1.3万,13000,8000,无需经验
python后端开发工程师,翼果（深圳）科技有限公司,,本科,深圳,深圳,南山区,1.5-3万,30000,15000,2年及以上
Python-AI开发工程师,北京量子伟业信息技术股份有限公司,150-500人,本科,江苏省,南京,鼓楼区,1-2万,20000,10000,3年及以上
Python开发工程师,东莞市晨特电子技术服务有限公司,少于50人,大专,广东省,东莞,长安镇,8千-1.6万,16000,8000,1年
Python爬虫工程师,深圳华强电子交易网络有限公司,500-1000人,本科,深圳,深圳,福田区,1.5-2.5万,25000,15000,3年及以上
Python开发工程师,云南云岭工程造价咨询有限公司,500-1000人,本科,云南省,昆明,盘龙区,7千-1万,10000,7000,2年及以上
python开发工程师,重庆维普资讯有限公司,150-500人,本科,重庆,重庆,渝北区,9千-1.4万,14000,9000,2年及以上
Python爬虫工程师,见鲸科技（南京）有限公司,50-150人,本科,江苏省,南京,秦淮区,1-1.7万·13薪,17000,10000,3-5年
Python开发工程师,东吴在线（上海）金融信息服务有限公司,50-150人,本科,江苏省,苏州,苏州工业园区,1.3-1.8万,18000,13000,5年及以上
python爬虫工程师,上海柯林布瑞信息技术有限公司,150-500人,本科,上海,上海,徐汇区,1.5-2.5万,25000,15000,5-7年
python开发工程师,深圳市晨特电子有限公司,,大专,深圳,深圳,宝安区,6千-1.2万,12000,6000,1-3年
Python-软件开发工程师,深圳市南电云商有限公司,500-1000人,本科,广东省,广州,黄埔区,1.5-2万,20000,15000,3年及以上
SF2503-Python中级开发工程师（短期）,中盈优创资讯科技有限公司,500-1000人,本科,江苏省,南京,建邺区,1-1.3万,13000,10000,3年及以上
python开发,京华信息科技股份有限公司,150-500人,本科,广东省,广州,天河区,1-2万,20000,10000,2-5年
python开发,山东昇润能源实业有限公司,,本科,上海,上海,长宁区,2.2-2.8万,28000,22000,3年及以上
python开发工程师,广州酷萌网络技术有限公司,少于50人,大专,深圳,深圳,宝安区,8千-1.5万,15000,8000,1年及以上
软件工程师Python,豆子机器人科技（珠海）有限公司,少于50人,本科,广东省,珠海,珠海高新区,1-1.2万,12000,10000,3-5年
Python开发,上海微创软件股份有限公司深圳分公司,500-1000人,大专,深圳,深圳,南山区,1-1.2万,12000,10000,2年及以上
Python开发,深圳市云腾创智技术有限公司,,本科,深圳,深圳,南山区,1.4-2万,20000,14000,3年及以上
Python,南京博锐星润软件科技有限公司,50-150人,大专,江苏省,南京,鼓楼区,9千-1.2万,12000,9000,3-6年
python开发,上海韦创立企业管理咨询有限公司,50-150人,,北京,北京,海淀区,1.4-1.8万,18000,14000,1年及以上
Python开发,英业达（重庆）有限公司,10000人以上,大专,重庆,重庆,沙坪坝区,5千-1万,10000,5000,2年及以上
爬虫工程师,中国科学院信息工程研究所,1000-5000人,本科,北京,北京,海淀区,1.2-2.3万,23000,12000,2年及以上
Python爬虫APP,广州铂锐盛途科技有限公司,少于50人,大专,广东省,广州,天河区,9千-1.8万,18000,9000,3-4年
Python算法和开发,上海韦创立企业管理咨询有限公司,50-150人,,湖北省,武汉,洪山区,1.4-1.8万,18000,14000,2年及以上
Python-大模型项目（线上面试+双休）,软通动力信息技术（集团）股份有限公司,10000人以上,本科,深圳,深圳,龙岗区,1.1-1.8万,18000,11000,2年及以上
爬虫数据采集工程师,天津克运集运集团股份有限公司,500-1000人,大专,天津,天津,和平区,9千-1.5万,15000,9000,2年及以上
爬虫工程师,上海兴康医药研究开发有限公司,少于50人,本科,上海,上海,浦东新区,1.2-1.8万,18000,12000,3年及以上
python开发,深圳市睿服科技有限公司,1000-5000人,本科,深圳,深圳,福田区,1.3-1.5万,15000,13000,3年及以上
python开发,深圳市紫川软件有限公司,500-1000人,本科,深圳,深圳,福田区,1.5-1.8万,18000,15000,3年及以上
python后端开发工程师,翼果（深圳）科技有限公司,,本科,深圳,深圳,南山区,1.5-3万,30000,15000,2年及以上
Python开发工程师-福州,中电福富信息科技有限公司,1000-5000人,本科,福建省,福州,鼓楼区,8千-1.5万,15000,8000,3年及以上
python算法工程师,广东启悦未来科技有限公司,5000-10000人,本科,深圳,深圳,龙岗区,1.2-1.7万,17000,12000,3年及以上
Python高级开发工程师,深圳铸泰科技有限公司,50-150人,本科,深圳,深圳,南山区,1.5-3万·13薪,30000,15000,3年及以上
Python全栈工程师,杭州研一智控科技有限公司,50-150人,本科,浙江省,杭州,钱塘区,1.7-2.5万·14薪,25000,17000,5年及以上
Python软件工程师（量子计算）-U1846P,中国科学技术大学上海研究院,少于50人,本科,上海,上海,浦东新区,1.3-2.5万,25000,13000,3-5年
python开发工程师(J10084),中山大洋电机股份有限公司,1000-5000人,本科,广东省,中山,西区,1-1.6万·13薪,16000,10000,4年
Python高级开发工程师,北京和牧兴邦网络技术有限公司,少于50人,大专,江苏省,苏州,姑苏区,1-1.5万,15000,10000,3-4年
Python开发工程师,大连隆基信息技术有限公司,150-500人,本科,辽宁省,大连,沙河口区,8千-1.2万·13薪,12000,8000,2年及以上
软件开发工程师（python）,仁卅信息科技（上海）有限公司,500-1000人,本科,北京,北京,海淀区,1-1.5万,15000,10000,2-3年
高级开发工程师（Python后端）,同炎数智科技（重庆）有限公司,150-500人,本科,重庆,重庆,渝北区,1.5-2.5万,25000,15000,3-4年
python后端工程师,深圳市瑞微智能有限责任公司,少于50人,本科,深圳,深圳,宝安区,1.6-2.2万,22000,16000,3年及以上
python数据开发工程师,重庆博尔特企业管理有限公司,少于50人,本科,重庆,重庆,北碚区,8千-1万,10000,8000,3-5年
python后台开发工程师,苏州同泰新能源科技股份有限公司,150-500人,本科,江苏省,苏州,吴江区,1.2-1.8万,18000,12000,2年及以上
Python量化交易工程师,广东时代互联科技有限公司,50-150人,本科,深圳,深圳,南山区,1-2万,20000,10000,3年及以上
Python研发工程师,陕西向野商业运营管理有限公司,少于50人,本科,陕西省,西安,莲湖区,8千-1.2万,12000,8000,3年及以上
python软件开发工程师,北京中安智能信息科技有限公司,50-150人,本科,江苏省,南京,江宁区,1.5-3万·14薪,30000,15000,3-5年
Python量化交易工程师,广东时代互联科技有限公司,50-150人,本科,广东省,珠海,香洲区,1-2万,20000,10000,3年及以上
Python开发工程师,广州市鼎源信息技术有限公司,少于50人,本科,广东省,广州,越秀区,8千-1万,10000,8000,2年
python开发,京华信息科技股份有限公司,150-500人,本科,广东省,广州,天河区,1-2万,20000,10000,2-5年
python开发,山东昇润能源实业有限公司,,本科,上海,上海,长宁区,2.2-2.8万,28000,22000,3年及以上
python运维开发工程师,浩鲸云计算科技股份有限公司,1000-5000人,本科,北京,北京,东城区,1.4-2.4万,24000,14000,5年及以上
软件工程师Python,豆子机器人科技（珠海）有限公司,少于50人,本科,广东省,珠海,珠海高新区,1-1.2万,12000,10000,3-5年
Python算法和开发,上海韦创立企业管理咨询有限公司,50-150人,,湖北省,武汉,洪山区,1.4-1.8万,18000,14000,2年及以上
python开发,深圳市睿服科技有限公司,1000-5000人,本科,深圳,深圳,福田区,1.3-1.5万,15000,13000,3年及以上
Python开发,深圳市云腾创智技术有限公司,,本科,深圳,深圳,南山区,1.4-2万,20000,14000,3年及以上
Python,京北方信息技术股份有限公司广州分公司,10000人以上,本科,广东省,广州,番禺区,1.3-1.8万,18000,13000,5年及以上
Python开发（远程面试）,上海博为峰信息技术有限公司,1000-5000人,本科,福建省,福州,鼓楼区,1.3-1.6万,16000,13000,3年及以上
Python-大模型项目（线上面试+双休）,软通动力信息技术（集团）股份有限公司,10000人以上,本科,深圳,深圳,龙岗区,1.1-1.8万,18000,11000,2年及以上
python后端开发,中劢传媒（深圳）有限公司,,本科,深圳,深圳,福田区,1-1.5万,15000,10000,3年及以上
爬虫工程师,上海兴康医药研究开发有限公司,少于50人,本科,上海,上海,浦东新区,1.2-1.8万,18000,12000,3年及以上
python开发,深圳市紫川软件有限公司,500-1000人,本科,深圳,深圳,福田区,1.5-1.8万,18000,15000,3年及以上
爬虫工程师,中国科学院信息工程研究所,1000-5000人,本科,北京,北京,海淀区,1.2-2.3万,23000,12000,2年及以上
Python,南京博锐星润软件科技有限公司,50-150人,大专,江苏省,南京,鼓楼区,9千-1.2万,12000,9000,3-6年
python后端开发,深圳市科雅智能数码有限公司,50-150人,本科,深圳,深圳,宝安区,1-1.5万,15000,10000,2-3年
python开发或python数据分析,中软国际科技服务有限公司,10000人以上,本科,深圳,深圳,龙岗区,1-1.6万·13薪,16000,10000,2年及以上
Python爬虫APP,广州铂锐盛途科技有限公司,少于50人,大专,广东省,广州,天河区,9千-1.8万,18000,9000,3-4年
Python开发,上海微创软件股份有限公司深圳分公司,500-1000人,大专,深圳,深圳,南山区,1-1.2万,12000,10000,2年及以上
爬虫数据采集工程师,天津克运集运集团股份有限公司,500-1000人,大专,天津,天津,和平区,9千-1.5万,15000,9000,2年及以上
爬虫工程师,上海泓益中创航空发展有限公司,少于50人,本科,上海,上海,浦东新区,2.5-3.5万·13薪,35000,25000,2年及以上
AI开发工程师（企业本地化部署）,广州资乐电气设备有限公司,150-500人,本科,广东省,广州,越秀区,1.5-2万,20000,15000,2年及以上
Python开发,英业达（重庆）有限公司,10000人以上,大专,重庆,重庆,沙坪坝区,5千-1万,10000,5000,2年及以上
爬虫开发工程师,广西亚盛信息技术有限公司,50-150人,大专,广西,南宁,青秀区,8千-1.2万,12000,8000,2年及以上
Python算法工程师,杭州辉电信息科技有限公司,50-150人,本科,浙江省,杭州,滨江区,1-1.5万·13薪,15000,10000,3年及以上
Python开发工程师,宁波伏特智能制造有限公司,500-1000人,本科,浙江省,宁波,鄞州区,1-1.8万·14薪,18000,10000,3年及以上
高级python爬虫工程师,深圳市博瑞捷科技有限公司,少于50人,大专,深圳,深圳,南山区,3-5万·14薪,50000,30000,3年及以上
Python数据工程师,深圳市瑞维控股有限公司,150-500人,本科,深圳,深圳,南山区,1.8-2.5万·13薪,25000,18000,3年及以上
python自然语言处理工程师,南京清智联软件有限公司,少于50人,本科,江苏省,南京,栖霞区,1.8-3.5万,35000,18000,3年及以上
高级python开发工程师,金蝶软件（中国）有限公司,5000-10000人,本科,深圳,深圳,南山区,2.5-4万·14薪,40000,25000,5年及以上
算法工程化（Python+LLM/NLP）工程师,上海昇迪凡科技术有限公司,1000-5000人,本科,上海,上海,浦东新区,2.5-3万,30000,25000,5年及以上
Python开发工程师,广州云纳信息科技有限公司,少于50人,大专,广东省,广州,番禺区,6-7千·13薪,7000,6000,2年
AI中心-后端开发工程师（python）(J10185),中国移动通信有限公司研究院,10000人以上,硕士,北京,北京,西城区,1.5-3万·13薪,30000,15000,3年
Python开发工程师,天津美凯鑫商贸有限公司,少于50人,硕士,天津,天津,和平区,7-8千·13薪,8000,7000,2-6年
高级python开发工程师,金地（集团）深圳地产公司,500-1000人,本科,深圳,深圳,福田区,2.5-3万,30000,25000,5年及以上
python开发工程师,芯发威达电子（上海）有限公司,1000-5000人,本科,上海,上海,闵行区,1.2-1.7万,17000,12000,5年及以上
Python开发工程师,宁波伏特智能制造有限公司,500-1000人,本科,浙江省,宁波,鄞州区,8千-1.3万·14薪,13000,8000,3年及以上
Python应用开发工程师,深圳易弧文化科技有限公司,少于50人,本科,深圳,深圳,宝安区,1-2万,20000,10000,3-6年
软件开发工程师（python）,赛业（苏州）生物科技有限公司,500-1000人,大专,江苏省,苏州,太仓市,9千-1.2万·13薪,12000,9000,2年及以上
Python高级开发工程师,深圳铸泰科技有限公司,50-150人,本科,深圳,深圳,南山区,1.5-3万·13薪,30000,15000,3年及以上
Python软件工程师,昆山华恒机器人有限公司,500-1000人,本科,江苏省,苏州,昆山市,7千-1万,10000,7000,1年及以上
高级Python开发工程师（AI方向）,布廷恩工程管理（北京）有限公司,150-500人,本科,上海,上海,嘉定区,1.2-2.2万·13薪,22000,12000,3年及以上
python后端工程师,深圳市瑞微智能有限责任公司,少于50人,本科,深圳,深圳,宝安区,1.6-2.2万,22000,16000,3年及以上
python大数据分析工程师,江苏领焰智能科技股份有限公司,50-150人,大专,上海,上海,闵行区,6千-1.2万,12000,6000,2年及以上
Python量化交易工程师,广东时代互联科技有限公司,50-150人,本科,深圳,深圳,南山区,1-2万,20000,10000,3年及以上
Python 开发工程师,北京垣械电子科技有限公司,500-1000人,大专,福建省,泉州,丰泽区,8千-1.3万,13000,8000,无需经验
Python全栈工程师,杭州研一智控科技有限公司,50-150人,本科,浙江省,杭州,钱塘区,1.7-2.5万·14薪,25000,17000,5年及以上
Python数据工程师,青岛清数科技有限公司,少于50人,本科,山东省,青岛,高新区,6千-1万,10000,6000,1年
Python软件开发工程师,河南端琪实业发展有限公司,150-500人,,河南省,郑州,管城回族区,6-8千·13薪,8000,6000,无需经验
Python 开发工程师,北京垣械电子科技有限公司,500-1000人,大专,陕西省,西安,雁塔区,8千-1.3万,13000,8000,无需经验
Python 软件工程师,南京艾影科技有限公司,少于50人,本科,江苏省,南京,江宁区,8千-1.2万·15薪,12000,8000,1年及以上
Python软件开发工程师,河南秋瑭实业发展有限公司,,,河南省,郑州,管城回族区,6-8千·13薪,8000,6000,无需经验
Python 开发工程师,北京垣械电子科技有限公司,500-1000人,大专,江苏省,苏州,姑苏区,8千-1.3万,13000,8000,无需经验
Python后端研发工程师,中国国际人才开发中心有限公司上海分公司,,本科,北京,北京,海淀区,2-3万,30000,20000,1年及以上
高级Python开发工程师,上海全晓信息技术有限公司,150-500人,本科,上海,上海,浦东新区,2.5-4万,40000,25000,5年及以上
Python软件工程师(J10748),深圳市英维克科技股份有限公司,1000-5000人,本科,深圳,深圳,龙华区,1.5-2.5万,25000,15000,3年及以上
python后端工程师,深圳有个大仓库供应链科技有限公司,50-150人,本科,深圳,深圳,南山区,1-1.5万,15000,10000,1-3年
Java&Python开发工程师（AI算法方向）,深圳市瑞维控股有限公司,150-500人,本科,深圳,深圳,南山区,1.5-2.5万·13薪,25000,15000,2年及以上
Python后端研发工程师,中国国际人才开发中心有限公司上海分公司,,本科,北京,北京,海淀区,2-3万,30000,20000,1年及以上
python开发工程师,上海精云信息科技有限公司,少于50人,硕士,上海,上海,普陀区,300元/天,,,2-5年
Python量化交易开发工程师,上海全晓信息技术有限公司,150-500人,本科,北京,北京,朝阳区,1.5-2.5万,25000,15000,2年及以上
Python数据工程师,上海轩田智能科技股份有限公司,500-1000人,本科,四川省,成都,金牛区,1.3-1.8万·13薪,18000,13000,3年及以上
Python工具开发工程师,中云信安（深圳）科技有限公司,少于50人,本科,深圳,深圳,南山区,1-2万,20000,10000,3年及以上
python开发工程师,青岛鹊山电力科技有限公司,少于50人,本科,浙江省,杭州,富阳区,10-15万/年,,,1年及以上
Python开发工程师-谱图数据分析,南京霍普斯科技有限公司,150-500人,本科,江苏省,南京,浦口区,1.2-2.1万·14薪,21000,12000,2年及以上
python数据开发工程师,悦活里,1000-5000人,本科,湖北省,武汉,洪山区,6千-1万,10000,6000,3年及以上
python后端开发工程师,翼果（深圳）科技有限公司,,本科,深圳,深圳,南山区,1-1.5万,15000,10000,1-3年
python爬虫开发工程师,河南甫得影视传媒有限公司,50-150人,,河南省,郑州,金水区,6-8千·13薪,8000,6000,无需经验
后端开发工程师（Python/Java）,沈苏科技（苏州）股份有限公司,500-1000人,硕士,上海,上海,徐汇区,1.2-1.6万,16000,12000,3年及以上
Python数据工程师,青岛清数科技有限公司,少于50人,本科,山东省,青岛,高新区,5千-1万,10000,5000,1年及以上
python开发工程师,北京垣械电子科技有限公司,500-1000人,大专,辽宁省,大连,沙河口区,8千-1.3万,13000,8000,无需经验
Python/java开发工程师,张家港富瑞特种装备股份有限公司,1000-5000人,本科,江苏省,苏州,张家港市,8千-1万,10000,8000,2-3年
初级Python开发/数据工程师,海搜科技（深圳）有限公司武汉分公司,150-500人,本科,北京,北京,海淀区,1.5-3万·15薪,30000,15000,1年
Python软件工程师,广州市喜越汽车设备有限公司,50-150人,本科,广东省,广州,黄埔区,1-1.5万·13薪,15000,10000,1-3年
python 软件开发工程师,苏州市伯太数字科技有限公司,少于50人,大专,江苏省,苏州,相城区,1-1.5万,15000,10000,1年及以上
python大数据分析工程师,江苏领焰智能科技股份有限公司,50-150人,大专,上海,上海,闵行区,6千-1.2万,12000,6000,2年及以上
Python数据开发工程师（Data Engineer）,海南钦诚软件技术有限公司,,本科,广东省,广州,天河区,1.7-2.3万,23000,17000,5年及以上
python开发工程师,无锡锂云科技有限公司,少于50人,本科,江苏省,无锡,惠山区,6千-1万,10000,6000,1年及以上
Python开发工程师（全栈））,杭州研一智控科技有限公司,50-150人,本科,浙江省,杭州,钱塘区,1.6-2.5万·14薪,25000,16000,5年及以上
python开发工程师,深圳市晨特电子有限公司,,大专,深圳,深圳,宝安区,6千-1.2万,12000,6000,1-3年
Python开发工程师,武汉吉嘉时空信息技术有限公司,50-150人,本科,湖北省,武汉,江夏区,1-1.8万,18000,10000,1年
初级Python开发工程师,知行奇点（苏州）计算机技术有限责任公司,,本科,江苏省,苏州,吴中区,8千-1.3万,13000,8000,1年及以上
python开发工程师,上扬软件（上海）有限公司,150-500人,本科,江苏省,南京,江宁区,1-1.5万,15000,10000,1年及以上
Python开发工程师,北京和牧兴邦网络技术有限公司,少于50人,大专,江苏省,苏州,姑苏区,6-8千,8000,6000,1年
Python开发工程师,上海恪数科技有限公司,少于50人,高中,上海,上海,黄浦区,7-8千·13薪,8000,7000,1-4年
Python开发工程师,东莞市晨特电子技术服务有限公司,少于50人,大专,广东省,东莞,长安镇,8千-1.6万,16000,8000,1年
软件开发工程师（python）,赛业（苏州）生物科技有限公司,500-1000人,大专,江苏省,苏州,太仓市,9千-1.2万·13薪,12000,9000,2年及以上
Python 开发工程师,北京垣械电子科技有限公司,500-1000人,大专,江苏省,南京,鼓楼区,8千-1.3万,13000,8000,无需经验
Python 数据工程师,东莞市太粮米业有限公司,1000-5000人,本科,广东省,东莞,厚街镇,7千-1万,10000,7000,2年及以上
python软件开发工程师,赛思科技（西安）有限公司,50-150人,本科,陕西省,西安,未央区,8千-1万,10000,8000,3年及以上
Python数据工程师,上海轩田智能科技股份有限公司,500-1000人,本科,四川省,成都,金牛区,1.3-1.8万·13薪,18000,13000,3年及以上
python爬虫助理工程师,安徽雅云晖智能科技有限公司,,本科,安徽省,合肥,庐阳区,4-6千,6000,4000,1年
python软件开发工程师,北京中安智能信息科技有限公司,50-150人,本科,江苏省,南京,江宁区,1.5-3万·14薪,30000,15000,3-5年
Java&Python开发工程师（AI算法方向）,深圳市瑞维控股有限公司,150-500人,本科,深圳,深圳,南山区,1.5-2.5万·13薪,25000,15000,2年及以上
Python自动化工程师,上海天籍信息科技有限公司,少于50人,本科,上海,上海,虹口区,6千-1.2万,12000,6000,1年及以上
Python人工智能应用工程师,四川信诺智达通信技术有限公司,,大专,四川省,成都,成华区,3-5千,5000,3000,无需经验
高级python开发工程师,金地（集团）深圳地产公司,500-1000人,本科,深圳,深圳,福田区,2.5-3万,30000,25000,5年及以上
Python爬虫工程师 热门职位 5千-7千,北京尚行德智软件技术有限公司,,本科,北京,北京,海淀区,5-8千,8000,5000,1-3年
Linux/Python 开发工程师,上海锦瓯科技发展有限公司,少于50人,本科,上海,上海,嘉定区,5-8千,8000,5000,1年及以上
高级python开发工程师,金蝶软件（中国）有限公司,5000-10000人,本科,深圳,深圳,南山区,2.5-4万·14薪,40000,25000,5年及以上
python算法工程师,厦门凡祈丰科技有限公司,少于50人,本科,福建省,厦门,思明区,5千-1万·13薪,10000,5000,无需经验
高级python算法工程师,希美克（广州）实业有限公司,1000-5000人,本科,广东省,广州,增城区,1.5-3万,30000,15000,3年及以上
python高级开发工程师,深圳市晨特电子有限公司,,本科,深圳,深圳,宝安区,1.5-2万,20000,15000,3年及以上
资深AIoT架构工程师（Python）,上海千居智科技有限公司,少于50人,本科,上海,上海,闵行区,3-4.5万,45000,30000,3年及以上
AI中心-后端开发工程师（python）(J10185),中国移动通信有限公司研究院,10000人以上,硕士,陕西省,西安,雁塔区,1.5-3万·13薪,30000,15000,3年
AI工程师/python开发工程师,江苏领焰智能科技股份有限公司,50-150人,本科,上海,上海,闵行区,6千-1.2万,12000,6000,无需经验
C++/Python开发测试工程师r,河南列阁影视传媒有限公司,,,河南省,郑州,管城回族区,6-8千·13薪,8000,6000,无需经验
Python 后端开发高级工程师,励德爱思唯尔信息技术（北京）有限公司,1000-5000人,本科,上海,上海,长宁区,2.2-2.8万·13薪,28000,22000,4年及以上
AIGC Python开发工程师,金智维（福州）信息技术有限公司,150-500人,本科,北京,北京,朝阳区,2-3万,30000,20000,3年及以上
算法工程化（Python+LLM/NLP）工程师,上海昇迪凡科技术有限公司,1000-5000人,本科,上海,上海,浦东新区,2.5-3万,30000,25000,5年及以上
Python工具开发工程师,中云信安（深圳）科技有限公司,少于50人,本科,深圳,深圳,南山区,1-2万,20000,10000,3年及以上
软件开发工程师（Python）,重庆山外山血液净化技术股份有限公司,1000-5000人,本科,重庆,重庆,渝北区,1-1.5万·13薪,15000,10000,5年及以上
高级Python开发工程师,上海全晓信息技术有限公司,150-500人,本科,上海,上海,浦东新区,2.5-4万,40000,25000,5年及以上
Python软件工程师(J10748),深圳市英维克科技股份有限公司,1000-5000人,本科,深圳,深圳,龙华区,1.5-2.5万,25000,15000,3年及以上
Python/java开发工程师,张家港富瑞特种装备股份有限公司,1000-5000人,本科,江苏省,苏州,张家港市,8千-1万,10000,8000,2-3年
Python开发工程师,国泰君安期货有限公司,1000-5000人,硕士,上海,上海,静安区,1.2-2万·18薪,20000,12000,无需经验
数据处理工程师 （Python）,湖北良顷农业科技有限公司,50-150人,本科,湖北省,武汉,东湖新技术产业开发区,150元/天,,,无需经验
java/python软件开发工程师,深圳立德船舶智造技术有限公司,,本科,深圳,深圳,宝安区,1.5-2.5万,25000,15000,3年及以上
Java/Python初级开发工程师,广州合迪信息科技有限公司,少于50人,大专,广东省,广州,天河区,5-7千,7000,5000,无需经验
python自动化测试工程师,上海全晓信息技术有限公司,150-500人,本科,上海,上海,徐汇区,1.8-2.2万,22000,18000,3年及以上
python算法工程师,杭州富平科技有限公司,少于50人,本科,浙江省,杭州,滨江区,1-1.5万,15000,10000,无需经验
Python开发工程师（全栈））,杭州研一智控科技有限公司,50-150人,本科,浙江省,杭州,钱塘区,1.6-2.5万·14薪,25000,16000,5年及以上
助理 Python开发工程师实习生,成都市智计全球科技有限责任公司,50-150人,大专,四川省,成都,锦江区,4-6千,6000,4000,无需经验
python自动化测试工程师,海南钦诚软件技术有限公司,,本科,广东省,广州,天河区,1.7-2.3万,23000,17000,5年及以上
中级资源工程师-java/python方向,武汉万科祥盈管理服务有限公司,1000-5000人,本科,安徽省,合肥,蜀山区,7-9千,9000,7000,2年及以上
高级嵌入式工程师（Python方向）(J11165),深圳市创想三维科技股份有限公司,1000-5000人,本科,深圳,深圳,龙华区,2.5-3.5万,35000,25000,3年
Python 应用工程师,中煤科工集团智能矿山有限公司,50-150人,本科,天津,天津,河西区,1.2-1.5万·14薪,15000,12000,3-5年
python后端开发工程师（AGV调度平台）,浙江中力机械股份有限公司,1000-5000人,本科,浙江省,杭州,拱墅区,1.5-2万·13薪,20000,15000,3年及以上
Python开发工程师/IT运维与安全方向（合作伙伴）,深圳市南深人力资源股份有限公司,150-500人,本科,湖南省,长沙,岳麓区,1.5-1.8万,18000,15000,3年及以上
高级测试开发工程师（Python）,伟创力电脑（苏州）有限公司,10000人以上,本科,江苏省,苏州,吴中区,1.5-2.5万·14薪,25000,15000,5年及以上
python后端开发工程师（AGV调度平台）,浙江中力机械股份有限公司,1000-5000人,本科,浙江省,杭州,拱墅区,1.5-2万·13薪,20000,15000,3年及以上
中级资源工程师-java/python方向,武汉万科祥盈管理服务有限公司,1000-5000人,本科,安徽省,合肥,蜀山区,7-9千,9000,7000,2年及以上
python自动化测试工程师,海南钦诚软件技术有限公司,,本科,广东省,广州,天河区,1.7-2.3万,23000,17000,5年及以上
高级测试开发工程师（Python）,伟创力电脑（苏州）有限公司,10000人以上,本科,江苏省,苏州,吴中区,1.5-2.5万·14薪,25000,15000,5年及以上
拙盾-Python开发工程师,奇瑞汽车股份有限公司,10000人以上,本科,湖南省,长沙,岳麓区,15-30万/年,,,3年及以上
"软件工程师（C++/C, Java/C#, python）",上海全晓信息技术有限公司,150-500人,本科,江苏省,南京,溧水区,1.5-2.5万,25000,15000,3年及以上
自动化测试工程师（会python优先）,深圳鸿博智成科技有限公司,50-150人,大专,深圳,深圳,龙华区,1-1.5万,15000,10000,2年及以上
Python自动化测试工程师Selenium方向,上海坤德建设工程有限公司,150-500人,本科,上海,上海,宝山区,1.5-1.8万,18000,15000,5年及以上
对日JAVA、Python高级工程师,上海网擎信息系统有限公司,,本科,上海,上海,杨浦区,1.8-3.5万,35000,18000,5年及以上
智能制造工程师（Python）,圣戈班研发（上海）有限公司,150-500人,硕士,上海,上海,闵行区,1.2-1.7万,17000,12000,无需经验
自动化测试开发工程师-Java/python/C#,Alten China Limited,500-1000人,本科,辽宁省,沈阳,浑南区,9千-1万·13薪,10000,9000,2年及以上
软件(Python)应用工程师(AE/FAE),奇力速电动工具（上海）有限公司,150-500人,本科,上海,上海,嘉定区,1-2万,20000,10000,5年及以上
c#Python应用开发工程师,芯发威达电子（上海）有限公司,1000-5000人,本科,上海,上海,闵行区,1.2-1.5万,15000,12000,3年及以上
Python开发 设计师,深圳瑛雄建筑设计工程有限公司,50-150人,大专,湖南省,长沙,芙蓉区,5-7千·13薪,7000,5000,1年
Python数据分析师,上海六贤企业发展集团有限公司,50-150人,本科,江苏省,无锡,锡山区,8千-1.6万,16000,8000,2年及以上
python运维开发工程师,浩鲸云计算科技股份有限公司,1000-5000人,本科,北京,北京,东城区,1.4-2.4万,24000,14000,5年及以上
python后端开发,中伟新材料股份有限公司,1000-5000人,本科,湖南省,长沙,宁乡市,1-1.4万·13薪,14000,10000,1年及以上
数据分析师（SAS/R/Python）,北京裕荣医学数据科技有限公司,少于50人,本科,北京,北京,大兴区,1-2万·13薪,20000,10000,1年
python算法,中软国际科技服务有限公司,10000人以上,本科,深圳,深圳,龙岗区,1-1.5万,15000,10000,无需经验
量化python开发,北京福瑞私募基金管理有限公司,少于50人,本科,北京,北京,海淀区,8千-1.5万,15000,8000,无需经验
爬虫工程师,南京爱辉文化传媒有限公司,少于50人,本科,江苏省,南京,玄武区,6-9千,9000,6000,1年及以上
Blender Python,尊芯（上海）半导体科技有限公司,少于50人,本科,上海,上海,闵行区,1.2-2万,20000,12000,1-2年
Agent/AIGC应用开发工程师,亚信科技（中国）有限公司,10000人以上,本科,北京,北京,海淀区,1.2-2万·13薪,20000,12000,3年及以上
Python嵌入式软件工程师,上海嘉为信息技术有限公司,50-150人,本科,上海,上海,青浦区,1.5-2.5万,25000,15000,2年
嵌入式系统开发工程师（C++/Python）,浙江锦佳汽车零部件有限公司,150-500人,本科,浙江省,温州,瑞安市,2-3万,30000,20000,3年及以上
计量算法工程师/热力学/熟悉python或matlab,江苏高凯精密流体技术股份有限公司,500-1000人,本科,江苏省,常州,武进区,1.5-2万·13薪,20000,15000,无需经验
AI工程师（月薪1.5万-3万）,广州市九重天信息科技有限公司,少于50人,本科,广东省,广州,天河区,1.5-3万,30000,15000,2年及以上
AI辅助后端开发工程师,上海互普网络科技有限公司,50-150人,本科,上海,上海,宝山区,1.3-1.8万,18000,13000,4年及以上
数据开发工程师,深圳市紫川软件有限公司,500-1000人,本科,深圳,深圳,南山区,1.3-1.6万,16500,13000,5年及以上
AI工程师（南城）,东莞时力电子科技有限公司,10000人以上,本科,广东省,东莞,南城区,1-1.5万,15000,10000,1年及以上
人工智能教育平台研发工程师,上海云深网络技术有限公司,50-150人,本科,上海,上海,浦东新区,1-2万,20000,10000,1-3年
ai研发工程师,西安卓道航空科技有限公司,少于50人,本科,陕西省,西安,高新技术产业开发区,1-2万,20000,10000,2年及以上
人工智能工程师(J10662),东莞市德普特电子有限公司,10000人以上,本科,广东省,东莞,大岭山镇,1.5-3万,30000,15000,5年及以上
AI大模型开发工程师,武汉真道智享科技有限公司,50-150人,本科,浙江省,杭州,滨江区,1-1.8万,18000,10000,3年及以上
云平台DevOps工程师 (MJ000375),横河电机（中国）有限公司,500-1000人,本科,北京,北京,朝阳区,1.2-2万,20000,12000,无需经验
AI产品研发工程师,上海耀臣信息科技有限公司,50-150人,本科,上海,上海,浦东新区,2-4万·13薪,40000,20000,3年及以上
大数据开发工程师（贵州）,中通服建设有限公司,1000-5000人,大专,贵州省,贵阳,花溪区,8千-1.4万,14000,8000,3年及以上
AI软件工程师,武汉悉水科技有限公司,50-150人,本科,湖北省,武汉,汉阳区,1.2-1.8万,18000,12000,2年及以上
AI软件工程师,上海慧铂信息技术有限公司,少于50人,本科,上海,上海,宝山区,1.5-2.6万,26000,15000,无需经验
ETL开发工程师,海南钦诚软件技术有限公司,,本科,广东省,广州,天河区,1.3-1.7万,17000,13000,7年及以上
软件工程师（人工智能）,荣捷生物工程（苏州）有限公司,50-150人,本科,江苏省,苏州,苏州工业园区,1.5-2.5万·13薪,25000,15000,2年及以上
大模型应用开发工程师,湖南瑞霦科技有限公司,50-150人,本科,湖南省,长沙,天心区,1-2万,20000,10000,4年及以上
AI开发工程师,广州天越电子科技有限公司,150-500人,本科,广东省,广州,黄埔区,1.5-2万,20000,15000,3年及以上
ODOO高级开发工程师,深圳市易达恒通供应链管理有限公司,50-150人,大专,深圳,深圳,福田区,1.5-2万,20000,15000,3-4年
数据分析工程师,宜通世纪科技股份有限公司,10000人以上,本科,广东省,广州,天河区,1-1.2万,12000,10000,3年及以上
AI 工程师（开源大模型微调方向）,广州炳倡科技文化发展有限公司,,本科,广东省,广州,南沙区,2-4万,40000,20000,3年及以上
医学大数据工程师,慧算基因科技（上海）有限公司,150-500人,本科,上海,上海,浦东新区,8千-1.5万,15000,8000,1年
驻场支撑工程师（算法与模型）,广州海晟科技有限公司,50-150人,本科,广东省,广州,天河区,1.6-2万·13薪,20000,16000,2年及以上
AI算法工程师（大模型方向）,招银国际资本管理（深圳）有限公司,50-150人,本科,深圳,深圳,福田区,2.5-3.5万,35000,25000,1年及以上
人工智能工程师,上海慧铂信息技术有限公司,少于50人,本科,上海,上海,宝山区,1.5-2.6万·13薪,26000,15000,3年及以上
漏洞数据库开发工程师（项目团队招聘）,中新国际联合研究院,150-500人,本科,广东省,广州,黄埔区,1.5-2万,20000,15000,3-5年
算法支撑工程师（驻点）,广州海晟科技有限公司,50-150人,本科,广东省,广州,天河区,1.6-2万·13薪,20000,16000,2年及以上
资产管理中心-系统开发工程师（交易系统SRE） G01297,中信期货有限公司,1000-5000人,本科,上海,上海,浦东新区,1.3-2.5万,25000,13000,2年及以上
AI算法工程师-双休/vivo外包,深圳千域时代科技有限公司,150-500人,本科,上海,上海,浦东新区,2-3万,30000,20000,1年及以上
大模型算法工程师,中电信数智科技有限公司海南分公司,150-500人,本科,海南省,海口,龙华区,1-1.5万,15000,10000,1年及以上
数据应用工程师,河南秋瑭实业发展有限公司,,,河南省,郑州,管城回族区,6-8千·13薪,8000,6000,无需经验
算法支撑工程师（驻点）,广州海晟科技有限公司,50-150人,本科,广东省,广州,天河区,1.6-2万·13薪,20000,16000,2年及以上
大数据运维开发工程师助理应届生优先,武汉万竹汇科技有限公司,少于50人,大专,湖北省,武汉,洪山区,4-7千,7000,4000,无需经验
数据处理工程师,安阳呈泰信息技术服务有限公司,少于50人,大专,北京,北京,东城区,9千-1.4万,14000,9000,1年及以上
后端开发工程师（智能应用）,广东铭太信息科技有限公司,150-500人,本科,广东省,广州,天河区,1.1-2万,20000,11000,3年及以上
AI开发工程师,苏州晟成光伏设备有限公司,1000-5000人,硕士,江苏省,苏州,虎丘区,1.2-2万,20000,12000,2年及以上
AI大模型工程师,上海慧铂信息技术有限公司,少于50人,硕士,上海,上海,宝山区,1.8-2.6万,26000,18000,无需经验
Ai工程师,陕西汉威物联科技有限公司,少于50人,本科,陕西省,西安,高新技术产业开发区,1-1.5万,15000,10000,1年
AI算法工程师,前锦网络信息技术（上海）有限公司,5000-10000人,本科,广东省,广州,天河区,20-40万/年,,,3年及以上
AI辅助测试工程师,上海互普网络科技有限公司,50-150人,本科,上海,上海,宝山区,1.2-1.5万,15000,12000,3年及以上
人工智能开发工程师,苏州晟成光伏设备有限公司,1000-5000人,硕士,江苏省,苏州,虎丘区,1.2-2万,20000,12000,2年及以上
算法工程师（杭州）,熵基科技股份有限公司,1000-5000人,本科,浙江省,杭州,上城区,1.8-3万,30000,18000,3年及以上
大模型算法工程师（Agent方向）,前锦网络信息技术（上海）有限公司,5000-10000人,硕士,上海,上海,虹口区,30-55万/年,,,2-3年
数据标注工程师 自动化数据标注,Alten China Limited,500-1000人,本科,上海,上海,浦东新区,1.4-1.7万,17000,14000,3年及以上
ROS高级工程师(J10182),北京佰才邦技术股份有限公司,500-1000人,本科,上海,上海,浦东新区,2-3万,30000,20000,3年及以上
AI算法工程师,广东阿尔创通信技术股份有限公司,150-500人,本科,广东省,广州,天河区,1.8-2万,20000,18000,3年及以上
PHP后端工程师,浙江之阳仪器设备有限公司,50-150人,大专,浙江省,杭州,余杭区,7千-1.4万,14000,7000,1年
AIGC算法工程师,杭州高新技术产业开发区（滨江）人才管理服务中心,50-150人,硕士,浙江省,杭州,滨江区,30-60万/年,,,无需经验
生信算法工程师,深圳市留凤科技有限公司,少于50人,本科,深圳,深圳,光明区,1.2-1.8万,18000,12000,2年及以上
高性能计算高级工程师,上海登飞计算机科技有限公司,50-150人,本科,上海,上海,徐汇区,3-5万,50000,30000,3年及以上
AI深度学习算法工程师,上海慧铂信息技术有限公司,少于50人,本科,上海,上海,宝山区,1.5-2.4万,24000,15000,1年及以上
大模型算法工程师,广州天越电子科技有限公司,150-500人,本科,广东省,广州,黄埔区,1.5-2.5万,25000,15000,3年及以上
AI工程师(J11568),快助（天津）科技有限公司,50-150人,本科,北京,北京,朝阳区,6-8千,8000,6000,2年及以上
大模型算法工程师,北京锐玑精械智能电子科技有限公司,50-150人,本科,重庆,重庆,南岸区,1-1.4万·14薪,14000,10000,无需经验
AI算法与应用工程师,苏州紫山龙霖信息科技有限公司,50-150人,硕士,江苏省,苏州,高新区,1.5-3万·13薪,30000,15000,3年
高级大模型算法工程师,中电信数智科技有限公司海南分公司,150-500人,本科,海南省,海口,龙华区,1.7-2.3万,23000,17000,3-5年
AI工程师,深圳模德宝科技有限公司,150-500人,本科,深圳,深圳,南山区,5-6.5万,65000,50000,2年及以上
全栈开发工程师,上海虹迪物流科技有限公司,500-1000人,大专,上海,上海,闵行区,1.3-1.8万,18000,13000,3年及以上
大模型算法工程师,北京锐玑精械智能电子科技有限公司,50-150人,本科,四川省,成都,青羊区,1-1.4万·14薪,14000,10000,无需经验
软件工程师,长沙望城宝湾物流有限公司,少于50人,,上海,上海,徐汇区,1.2-1.5万,15000,12000,无需经验
中级全栈工程师（偏数据方向）,上海浩睿自控系统有限公司,少于50人,本科,湖北省,武汉,洪山区,1-1.5万,15000,10000,2年及以上
AI算法工程师,广东华南水电高新技术开发有限公司,150-500人,硕士,广东省,广州,天河区,1.2-1.8万,18000,12000,无需经验
生信算法工程师,深圳市留凤科技有限公司,少于50人,本科,深圳,深圳,光明区,1.2-1.8万,18000,12000,2年及以上
图识别像算法开发工程师,上海合吾信息科技有限公司,,本科,北京,北京,大兴区,2-3.5万,35000,20000,5年及以上
EDA算法开发工程师,联合微电子中心有限责任公司,500-1000人,硕士,重庆,重庆,沙坪坝区,2-3万,30000,20000,3年及以上
大模型算法工程师,北京锐玑精械智能电子科技有限公司,50-150人,本科,四川省,成都,青羊区,1-1.4万·14薪,14000,10000,无需经验
高级PHP开发工程师,广东尊一互动科技有限公司,150-500人,本科,广东省,广州,越秀区,1.2-1.6万,16000,12000,5年及以上
软件工程师,长沙望城宝湾物流有限公司,少于50人,,上海,上海,徐汇区,1.2-1.5万,15000,12000,无需经验
DevOPS工程师（初级/中级）,北京锐玑精械智能电子科技有限公司,50-150人,本科,安徽省,合肥,包河区,9千-1.4万·14薪,14000,9000,无需经验
RPA工程师,深圳和而泰智能控制股份有限公司,5000-10000人,硕士,深圳,深圳,光明区,2-3万,30000,20000,4年及以上
AI算法工程师,江苏骥鑫船舶设备有限公司武汉分公司,,硕士,湖北省,武汉,武昌区,3.5-5万,50000,35000,3-10年
K8s/Golang 开发工程师 (集群调度方向),上海曼光信息科技有限公司,少于50人,本科,上海,上海,虹口区,1.8-3万,30000,18000,5年及以上
AI算法工程师/经理(智能电网）,上海帮伯信息科技有限公司,少于50人,本科,上海,上海,闵行区,22-36万/年,,,3年及以上
高级全栈AI工程师,珠海信达九州科技有限公司,50-150人,本科,广东省,珠海,香洲区,2-3.5万,35000,20000,10年及以上
算法工程师,海澜智云科技有限公司,150-500人,硕士,江苏省,无锡,江阴市,1-2万·13薪,20000,10000,1-5年
云计算工程师（初级/中级）,北京锐玑精械智能电子科技有限公司,50-150人,本科,重庆,重庆,南岸区,6千-1万·14薪,10000,6000,无需经验
算法工程师,海澜智云科技有限公司,150-500人,硕士,江苏省,无锡,江阴市,1-2万·13薪,20000,10000,1-5年
软件开发工程师,安阳呈泰信息技术服务有限公司,少于50人,大专,北京,北京,东城区,1-1.2万,12000,10000,1年及以上
AI应用开发工程师,慧算基因科技（上海）有限公司,150-500人,硕士,上海,上海,浦东新区,1-2万,20000,10000,1年及以上
深度学习图像算法工程师,无锡点春科技股份有限公司,50-150人,本科,江苏省,无锡,新吴区,1.2-1.5万,15000,12000,1-3年
高级全栈AI工程师,珠海信达九州科技有限公司,50-150人,本科,广东省,珠海,香洲区,2-3万,30000,20000,10年及以上
云计算工程师（初级/中级）,北京锐玑精械智能电子科技有限公司,50-150人,本科,山东省,青岛,市南区,6千-1万·14薪,10000,6000,无需经验
K8s/Golang 开发工程师 (集群调度方向),上海曼光信息科技有限公司,少于50人,本科,上海,上海,虹口区,1.8-3万,30000,18000,5年及以上
AI算法工程师/经理(智能电网）,上海帮伯信息科技有限公司,少于50人,本科,上海,上海,闵行区,22-36万/年,,,3年及以上
云计算工程师（初级/中级）,北京锐玑精械智能电子科技有限公司,50-150人,本科,天津,天津,西青区,6千-1万·14薪,10000,6000,无需经验
（短期/双休/线上面）全栈工程师,深圳达普信科技有限公司,150-500人,大专,广东省,广州,黄埔区,1.2-1.6万,16000,12000,3年及以上
BI可视化工程师,Alten China Limited,500-1000人,本科,上海,上海,浦东新区,1-1.5万,15000,10000,1-3年
云计算工程师（初级/中级）,北京锐玑精械智能电子科技有限公司,50-150人,本科,河南省,郑州,中原区,6-9千·14薪,9000,6000,无需经验
CAE仿真工程师（偏二次开发）（上海）,上海迅仿工程技术有限公司,50-150人,本科,湖北省,武汉,青山区,18-36万/年,,,2年及以上
初级开发工程师,上海霏驰信息科技有限公司,少于50人,本科,上海,上海,浦东新区,1.5-2万,20000,15000,3年及以上
云计算工程师（初级/中级）,北京锐玑精械智能电子科技有限公司,50-150人,本科,陕西省,西安,未央区,6千-1万·14薪,10000,6000,无需经验
软件开发工程师,长沙立诚机械有限公司,50-150人,,北京,北京,丰台区,1.5-2万·13薪,20000,15000,无需经验
全栈工程师,深圳市金鼎安全技术有限公司,150-500人,本科,深圳,深圳,福田区,1-1.5万,15000,10000,3年及以上
初级云计算工程师实习生,武汉万竹汇科技有限公司,少于50人,大专,湖北省,武汉,洪山区,5-7千,7000,5000,无需经验
云计算平台工程师,深圳市留凤科技有限公司,少于50人,本科,深圳,深圳,光明区,1.5-2万,20000,15000,3年及以上
初级云平台运维开发工程师应届生优先,武汉万竹汇科技有限公司,少于50人,大专,湖北省,武汉,洪山区,7-9千,9000,7000,无需经验
IT助理工程师,上海华申瑞利汽车科技有限公司,50-150人,本科,上海,上海,浦东新区,8千-1万·15薪,10000,8000,1年及以上
RTD工程师,华润微电子（重庆）有限公司,1000-5000人,本科,重庆,重庆,沙坪坝区,7千-1.4万·13薪,14000,7000,3年及以上
Al Agent智能体开发工程师,深圳市维安技术服务有限公司,,本科,深圳,深圳,福田区,8千-1万,10000,8000,2年及以上
深度学习(CV方向)算法工程师,宁波瑞霖机械科技有限公司,500-1000人,本科,江苏省,苏州,吴中区,3-4.5万,45000,30000,5年及以上
软件开发驻场工程师,南京思索电气有限公司,150-500人,本科,云南省,昆明,西山区,7千-1.3万,13000,7000,3年及以上
软件工程师,四川云智科技有限责任公司,少于50人,本科,四川省,成都,成华区,6千-1.2万,12000,6000,1年
中级软件开发工程师,数码通信息产业（集团）有限公司,50-150人,本科,上海,上海,长宁区,1.3-1.8万,18000,13000,2年及以上
脑机接口算法工程师,纽聆氪（上海）医疗科技有限公司,少于50人,硕士,上海,上海,闵行区,2-2.5万·14薪,25000,20000,1年及以上
软件开发工程师,东莞市长锦成电器有限公司,500-1000人,本科,广东省,东莞,大岭山镇,8千-1万,10000,8000,2年及以上
AI算法工程师-南京,中电鹏程智能装备有限公司,150-500人,本科,江苏省,南京,江宁区,2-3.5万·13薪,35000,20000,5年及以上
智驾激光雷达算法工程师,比亚迪股份有限公司,10000人以上,硕士,深圳,深圳,龙岗区,2.1-4.1万,41000,21000,3年及以上
软件开发工程师,东莞市长锦成电器有限公司,500-1000人,本科,广东省,东莞,大岭山镇,8千-1万,10000,8000,2年及以上
全栈工程师,深圳市凯仕德科技有限公司,50-150人,本科,深圳,深圳,宝安区,1-2万,20000,10000,3年及以上
AI数据工程师/助理实习生,四川智百千机械设备有限公司,,大专,四川省,成都,金牛区,5千-1万,10000,5000,无需经验
自动驾驶感知算法开发工程师（需长期出差）,博雷顿科技股份公司,150-500人,硕士,上海,上海,闵行区,2-4万·13薪,40000,20000,3年及以上
AI图像算法工程师,南京沃福曼医疗科技有限公司,50-150人,本科,江苏省,南京,江北新区,1.5-2.5万·13薪,25000,15000,2年及以上
软件开发工程师,亿信天诚文化科技（上海）有限公司,50-150人,大专,上海,上海,闵行区,1-2万,20000,10000,3年及以上
软件运维工程师,中国科学技术大学上海研究院,少于50人,本科,上海,上海,浦东新区,8千-1.5万,15000,8000,3年及以上
高级软件工程师（海外项目部）,四川云智科技有限责任公司,少于50人,本科,四川省,成都,成华区,1-1.8万·13薪,18000,10000,3年及以上
算法工程师,海澜智云科技有限公司,150-500人,硕士,江苏省,无锡,江阴市,1-2万·13薪,20000,10000,1-5年
运维开发工程师/ DevOps Engineer,聚物腾云物联网（上海）有限公司,150-500人,本科,上海,上海,长宁区,2-3.5万·13薪,35000,20000,6年及以上
初级后端开发工程师,贵州隆业建筑劳务有限公司,少于50人,大专,贵州省,贵阳,南明区,1-1.6万·13薪,16000,10000,5年及以上
AI深度学习算法工程师,上海慧铂信息技术有限公司,少于50人,本科,上海,上海,宝山区,1.5-2.4万,24000,15000,1年及以上
数字孪生开发工程师,上海犀浦智能系统有限公司,少于50人,本科,上海,上海,浦东新区,1.5-2.5万,25000,15000,3年及以上
中级运维工程师（北京丰台）,凯通科技股份有限公司,150-500人,本科,北京,北京,丰台区,8千-1.5万,15000,8000,2年及以上
python开发工程师,安徽长江数智云计算科技股份有限公司,少于50人,本科,安徽省,马鞍山,花山区,8千-1.2万,12000,8000,3年及以上
Java全栈工程师,武汉中云康崇科技有限公司,少于50人,本科,湖北省,武汉,东湖新技术产业开发区,1-1.4万·13薪,14000,10000,3年及以上
python开发工程师,武汉佰钧成技术有限责任公司,10000人以上,本科,湖北省,武汉,武昌区,1-1.4万,14000,10000,3年及以上
大模型算法工程师,北京锐玑精械智能电子科技有限公司,50-150人,本科,重庆,重庆,南岸区,1-1.4万·14薪,14000,10000,无需经验
软件工程师,广州青蓝时代半导体有限公司,50-150人,本科,广东省,广州,番禺区,7千-1万·14薪,10000,7000,2年
数据处理工程师,安阳呈泰信息技术服务有限公司,少于50人,大专,北京,北京,东城区,9千-1.4万,14000,9000,1年及以上
中高级Java开发工程师,上海佳依佳信息科技有限公司,50-150人,本科,上海,上海,浦东新区,1.2-1.8万,18000,12000,3年及以上
全栈工程师,黑蜂智造（深圳）科技有限公司,150-500人,本科,深圳,深圳,宝安区,1.8-2.5万·14薪,25000,18000,5年及以上
python开发工程师,上海帮伯信息科技有限公司,少于50人,本科,上海,上海,闵行区,1-1.8万·13薪,18000,10000,2-7年
java全栈开发工程师,深圳市斯维尔科技股份有限公司,150-500人,本科,深圳,深圳,南山区,1.6-2.6万,26000,16000,3年及以上
大模型算法工程师,北京锐玑精械智能电子科技有限公司,50-150人,本科,四川省,成都,青羊区,1-1.4万·14薪,14000,10000,无需经验
电子信息软件工程师,广州友沃医疗设备有限公司,50-150人,本科,广东省,广州,黄埔区,1-2万,20000,10000,2年及以上
DevOPS工程师（初级/中级）,北京锐玑精械智能电子科技有限公司,50-150人,本科,安徽省,合肥,包河区,9千-1.4万·14薪,14000,9000,无需经验
中间件软件开发工程师,法雷奥汽车内部控制（深圳）有限公司,1000-5000人,本科,深圳,深圳,宝安区,2-3.5万·14薪,35000,20000,5年及以上
python开发工程师,浙江巨能环境工程有限公司,50-150人,本科,浙江省,杭州,滨江区,1.5-3万·13薪,30000,15000,3年及以上
（市级就业见习）软件工程师1,上海华铭智能终端设备股份有限公司,150-500人,本科,上海,上海,松江区,3千及以下,3000,2000,无需经验
软件运维工程师,中国科学技术大学上海研究院,少于50人,本科,上海,上海,浦东新区,8千-1.5万,15000,8000,3年及以上
BEV感知算法数据后处理工程师(J10592),黑芝麻智能科技有限公司,1000-5000人,硕士,湖北省,武汉,青山区,2.5-3.5万·17薪,35000,25000,3年及以上
Python开发工程师,上海帮伯信息科技有限公司,少于50人,本科,天津,天津,南开区,1.1-2万·13薪,20000,11000,2-7年
算法工程师,武汉智筑完美家居科技有限公司,少于50人,硕士,湖北省,武汉,洪山区,1.5-2.5万,25000,15000,1年及以上
软件开发工程师,镇江港龙机电有限公司,150-500人,本科,江苏省,镇江,扬中市,1-2万,20000,10000,3年及以上
路径规划算法工程师(J10129),埃夫特智能机器人股份有限公司,1000-5000人,本科,上海,上海,松江区,2-3万·16薪,30000,20000,3年及以上
开发工程师,北京市计算中心有限公司,50-150人,本科,北京,北京,海淀区,1.3-1.7万,17000,13000,5年及以上
桥梁数据分析助理工程师,广东华路交通科技有限公司,1000-5000人,本科,广东省,广州,白云区,1-1.5万,15000,10000,2年及以上
工控软件工程师,武汉光圈智能科技有限公司,50-150人,本科,湖北省,武汉,东湖新技术产业开发区,1-1.5万,15000,10000,3-4年
全栈工程师,枫国宏利信息科技服务（成都）有限公司,1000-5000人,本科,四川省,成都,高新区,1.3-2万·14薪,20000,13000,3年及以上
C++/C#/JavaScript 软件开发工程师,深圳市宏图空间科技有限公司,少于50人,大专,深圳,深圳,福田区,8千-1万,10000,8000,1年及以上
深度学习算法工程师,东莞市摩视自动化科技有限公司,50-150人,硕士,广东省,东莞,长安镇,1.5-3万,30000,15000,1年及以上
后端开发工程师,珠海信达九州科技有限公司,50-150人,本科,广东省,珠海,香洲区,2-3.5万,35000,20000,10年及以上
全栈工程师,深圳市凯仕德科技有限公司,50-150人,本科,深圳,深圳,宝安区,1-2万,20000,10000,3年及以上
Mobile App Developer移动应用开发工程师,希尔思仪表（深圳）有限公司,50-150人,本科,陕西省,西安,长安区,8千-1.5万·14薪,15000,8000,2年及以上
视觉算法工程师(J10191),浙江凯乐士科技集团股份有限公司,1000-5000人,本科,湖北省,武汉,汉阳区,1.5-2.5万,25000,15000,3年及以上
全栈工程师,默戈（江苏）智慧科技有限公司,少于50人,本科,江苏省,苏州,吴江区,1.5-2.5万,25000,15000,3年及以上
python开发或python数据分析,中软国际科技服务有限公司,10000人以上,本科,深圳,深圳,龙岗区,1-1.6万·13薪,16000,10000,2年及以上
爬虫开发工程师,广西亚盛信息技术有限公司,50-150人,大专,广西,南宁,青秀区,8千-1.2万,12000,8000,2年及以上
python后端开发,中劢传媒（深圳）有限公司,,本科,深圳,深圳,福田区,1-1.5万,15000,10000,3年及以上
python开发,中软国际科技服务有限公司,10000人以上,本科,上海,上海,浦东新区,9千-1.6万,16000,9000,1年及以上
Python开发（远程面试）,上海博为峰信息技术有限公司,1000-5000人,本科,福建省,福州,鼓楼区,1.3-1.6万,16000,13000,3年及以上
python后端开发,深圳市科雅智能数码有限公司,50-150人,本科,深圳,深圳,宝安区,1-1.5万,15000,10000,2-3年
Python,元镁科技股份有限公司,150-500人,本科,上海,上海,浦东新区,8千-1.6万,16000,8000,1年及以上
Python开发（AI方向）,河南列阁影视传媒有限公司,,,河南省,郑州,管城回族区,6-8千·13薪,8000,6000,无需经验
软件工程师,长沙望城宝湾物流有限公司,少于50人,,上海,上海,徐汇区,1.2-1.5万,15000,12000,无需经验
BI可视化工程师,Alten China Limited,500-1000人,本科,上海,上海,浦东新区,1-1.5万,15000,10000,1-3年
云计算工程师（初级/中级）,北京锐玑精械智能电子科技有限公司,50-150人,本科,天津,天津,西青区,6千-1万·14薪,10000,6000,无需经验
数字孪生工程师,中联重科总部,10000人以上,本科,湖南省,长沙,岳麓区,1.5-3万,30000,15000,5年及以上
大数据分析工程师,武汉安居供应链有限公司,,硕士,湖北省,武汉,江汉区,12-15.5万/年,,,1年及以上
云计算工程师（初级/中级）,北京锐玑精械智能电子科技有限公司,50-150人,本科,陕西省,西安,未央区,6千-1万·14薪,10000,6000,无需经验
机器人工程师(感知规划控制方向),香港理工大学深圳研究院,50-150人,本科,江苏省,南京,鼓楼区,1.1-2.2万,22000,11000,8年及以上
软件工程师,上海库灵科技有限公司,少于50人,本科,上海,上海,闵行区,2-3万·13薪,30000,20000,3年及以上
软件工程师,惠州市福莱思电子工程有限公司,150-500人,本科,广东省,惠州,惠城区,1-1.5万,15000,10000,3年及以上
Java中级工程师,上海佳依佳信息科技有限公司,50-150人,本科,上海,上海,浦东新区,1.1-2.2万,22000,11000,5年及以上
框架测试工程师,济南京智享网络信息科技有限公司,少于50人,大专,山东省,济南,历下区,8千-1万·13薪,10000,8000,5年及以上
云计算工程师（初级/中级）,北京锐玑精械智能电子科技有限公司,50-150人,本科,重庆,重庆,南岸区,6千-1万·14薪,10000,6000,无需经验
全栈软件开发工程师,惠生工程（中国）有限公司,1000-5000人,本科,上海,上海,浦东新区,2-2.8万·14薪,28000,20000,10年及以上
云计算工程师（初级/中级）,北京锐玑精械智能电子科技有限公司,50-150人,本科,山东省,青岛,市南区,6千-1万·14薪,10000,6000,无需经验
AI大数据提示词工程师,广东卡为智造新材料科技有限公司,150-500人,大专,广东省,广州,花都区,1.2-2万,20000,12000,3年及以上
python开发,上海韦创立企业管理咨询有限公司,50-150人,,北京,北京,海淀区,1.4-1.8万,18000,14000,1年及以上
AI辅助后端开发工程师（FastAPI方向）,甘肃蔚蓝数字技术研究院,,本科,甘肃省,兰州,城关区,9千-1.1万,11000,9008,2年及以上
AI数据工程师,上海睿智医药研究集团有限公司,1000-5000人,本科,上海,上海,浦东新区,1-2万,20000,10000,2年及以上
大数据+AI方向,黑龙江惠达科技股份有限公司,500-1000人,本科,上海,上海,青浦区,1-1.6万,16000,10000,2年及以上
python开发,中软国际科技服务有限公司,10000人以上,本科,上海,上海,浦东新区,9千-1.6万,16000,9000,1年及以上
Python,元镁科技股份有限公司,150-500人,本科,上海,上海,浦东新区,8千-1.6万,16000,8000,1年及以上
AI开发工程师,中能拾贝科技有限公司,500-1000人,本科,江苏省,南京,江宁区,1.2-2.4万,24000,12000,1-3年
数创岗（人工智能）,中远海运（广州）有限公司,1000-5000人,本科,广东省,广州,海珠区,8千-1.2万·14薪,12000,8000,3年及以上
量化程序员（偏开发）,深圳市中泰安投资有限公司,少于50人,本科,深圳,深圳,宝安区,1-2万,20000,10000,1年及以上
初级AI开发工程师,杭州迪普科技股份有限公司,1000-5000人,本科,浙江省,杭州,滨江区,1.5-2万,20000,15000,1-3年
python开发,福达尔软件技术（深圳）有限公司,50-150人,本科,深圳,深圳,龙华区,1.1-2万,20000,11000,无需经验
大模型应用开发工程师,上海筑峻科技有限公司,少于50人,本科,上海,上海,杨浦区,1-2万·13薪,20000,10000,1年及以上
初级AI开发工程师,杭州迪普科技股份有限公司,1000-5000人,本科,浙江省,杭州,滨江区,1.5-2万·13薪,20000,15000,1-3年
python后端开发,上海臻寰实业有限公司,,本科,上海,上海,徐汇区,1.8-2万,20000,18000,1年及以上
AI大模型项目助理（python方向）,成都上语堂科技有限公司,,本科,四川省,成都,武侯区,7千-1万,10000,7000,2年及以上
人工智能数据工程师,上海润迅商凯电话商务有限公司,1000-5000人,本科,上海,上海,浦东新区,1.2-1.5万·13薪,15000,12000,2年及以上
python程序员,北京科华万象科技有限公司,少于50人,大专,北京,北京,海淀区,6千-1.2万,12000,6000,1年及以上
Python开发（AI方向）,河南列阁影视传媒有限公司,,,河南省,郑州,管城回族区,6-8千·13薪,8000,6000,无需经验
后端工程师（智能识别方向）,上海汀滢环保科技有限公司,50-150人,本科,上海,上海,青浦区,18-20万/年,,,无需经验
数据挖掘（北京）,银联智策顾问（上海）有限公司,150-500人,本科,北京,北京,朝阳区,1.3-2.5万,25000,13000,2年及以上
AI及数字化工程师,SGS通标标准技术服务有限公司宁波分公司,500-1000人,本科,浙江省,宁波,高新区,1-1.5万,15000,10000,1年及以上
ai全栈工程师,江苏中博通信有限公司,1000-5000人,本科,江苏省,南京,鼓楼区,1-2万·14薪,20000,10000,1-3年
Python程序员（亿九）,昆山西交创新中心管理有限公司,少于50人,本科,江苏省,苏州,昆山市,8千-1.2万,12000,8000,1-3年
Ai数字产品开发工程师,博特产业（北京）技术有限公司,少于50人,本科,湖北省,武汉,江夏区,4-8千,8000,4000,无需经验
量化算法开发,深圳市中泰安投资有限公司,少于50人,本科,深圳,深圳,宝安区,1-2万,20000,10000,1年及以上
Prompt工程师,云南合续环境科技股份有限公司,150-500人,本科,深圳,深圳,南山区,1.2-1.8万,18000,12000,1年及以上
python后端开发,故城县景南电子产品行（个体工商户）,少于50人,,四川省,成都,青羊区,1.2-1.5万,15000,12000,无需经验
开发支撑工程师(AI自动化),胜通和科技有限公司上海第一分公司,少于50人,本科,上海,上海,浦东新区,1.1-1.5万·13薪,15000,11000,2年及以上
数据挖掘工程师（急聘）,长沙空空科技有限公司,50-150人,,江苏省,南京,玄武区,1-1.5万,15000,10000,无需经验
初级大模型开发工程师,北京锐玑精械智能电子科技有限公司,50-150人,本科,北京,北京,海淀区,9千-1.5万·14薪,15000,9000,无需经验
Python量化研究员,辉立投资咨询（上海）有限公司,500-1000人,本科,上海,上海,静安区,1-1.5万·14薪,15000,10000,1年
DBD（python方向）,广州杰纳医药科技发展有限公司,150-500人,本科,广东省,广州,黄埔区,7千-1万,10000,7000,无需经验
AI数据工程师,上海新阳半导体材料股份有限公司,500-1000人,本科,上海,上海,松江区,1.2-2.4万,24000,12000,2年及以上
初级大模型开发工程师,北京锐玑精械智能电子科技有限公司,50-150人,本科,安徽省,合肥,包河区,9千-1.5万·14薪,15000,9000,无需经验
数据工具开发工程师（周末双休）,湖南兴盛集采电子商务有限公司,少于50人,,深圳,深圳,南山区,8千-1.2万,12000,8000,无需经验
初级数据工程师,上海全晓信息技术有限公司,150-500人,本科,上海,上海,闵行区,1.4-1.5万,15000,14000,1年及以上
AI软件工程师,深圳市网新新思软件有限公司,1000-5000人,本科,深圳,深圳,南山区,5-9千,9000,5000,1年及以上
初级大模型开发工程师,北京锐玑精械智能电子科技有限公司,50-150人,本科,深圳,深圳,南山区,9千-1.5万·14薪,15000,9000,无需经验
数据挖掘工程师,长沙市印迪尔电子商务有限公司,50-150人,,上海,上海,长宁区,8千-1.5万,15000,8000,无需经验
开发应用工程师,西安天隆科技有限公司,500-1000人,本科,陕西省,西安,未央区,9千-1.6万,16000,9000,1年及以上
初级大模型开发工程师,北京锐玑精械智能电子科技有限公司,50-150人,本科,山东省,青岛,市南区,9千-1.5万·14薪,15000,9000,无需经验
大数据工程师,长沙宏顶科技有限公司,50-150人,,上海,上海,长宁区,1.5-2万,20000,15000,无需经验
数据工程师,美枫网科技（广州）有限公司,少于50人,大专,广东省,广州,白云区,7千-1万,10000,7000,1年及以上
DBD（python方向）,广州杰纳医药科技发展有限公司,150-500人,本科,天津,天津,和平区,7千-1万,10000,7000,无需经验
初级大模型开发工程师,北京锐玑精械智能电子科技有限公司,50-150人,本科,浙江省,杭州,上城区,9千-1.5万·14薪,15000,9000,无需经验
人工智能应用开发工程师,安徽柯恩服务外包有限公司,500-1000人,本科,云南省,西双版纳,景洪市,1-1.5万,15000,10000,1年
爬虫工程师,兰笺（苏州）科技有限公司,50-150人,本科,江苏省,苏州,苏州工业园区,4-8千·13薪,8000,4000,无需经验
大模型开发测试,中海油信息科技有限公司上海分公司,50-150人,本科,上海,上海,长宁区,10-20万/年,,,无需经验
初级大模型开发工程师,北京锐玑精械智能电子科技有限公司,50-150人,本科,陕西省,西安,未央区,9千-1.5万·14薪,15000,9000,无需经验
AI模型训练、实施工程师,重庆庞通医疗器械有限公司,50-150人,大专,重庆,重庆,江北区,1.6-3万,30000,16000,1年及以上
初级大模型开发工程师,北京锐玑精械智能电子科技有限公司,50-150人,本科,江苏省,徐州,铜山区,9千-1.5万·14薪,15000,9000,无需经验
AI应用工程师,杰彼得（上海）商贸有限公司,,本科,上海,上海,浦东新区,1.5-2.5万·13薪,25000,15000,1-3年
爬虫数据采集工程师,河南塔韵文化传媒有限公司,150-500人,,河南省,郑州,中原区,6-8千·13薪,8000,6000,无需经验
初级大模型开发工程师,北京锐玑精械智能电子科技有限公司,50-150人,本科,上海,上海,嘉定区,9千-1.5万·14薪,15000,9000,无需经验
后端开发工程师（AI方向）,中电科数字科技（集团）有限公司,500-1000人,本科,上海,上海,静安区,1.2-1.2万,12500,12000,1年及以上
初级大模型开发工程师,北京锐玑精械智能电子科技有限公司,50-150人,本科,辽宁省,大连,中山区,9千-1.5万·14薪,15000,9000,无需经验
AI软件开发工程师,沈阳康之莱医疗器械有限公司,少于50人,本科,辽宁省,沈阳,沈河区,4.5-9千,9000,4500,1年及以上
大数据开发工程师(J13498),西域智慧供应链（上海）股份公司,1000-5000人,本科,上海,上海,浦东新区,1.2-1.6万,16000,12000,1-3年
大模型应用研发岗,清华大学,10000人以上,本科,北京,北京,海淀区,1-2万·14薪,20000,10000,无需经验
初级大模型开发工程师,北京锐玑精械智能电子科技有限公司,50-150人,本科,山东省,济南,市中区,9千-1.5万·14薪,15000,9000,无需经验
部署工程师,安徽领想产业园服务有限公司,50-150人,本科,安徽省,芜湖,鸠江区,8-15万/年,,,1年及以上
数据应用开发工程师,华商联（北京）信息技术有限公司,少于50人,本科,北京,北京,丰台区,6千-1万,10000,6000,1年
Python实习生,河南塔韵文化传媒有限公司,150-500人,,河南省,郑州,中原区,4-7千·13薪,7000,4000,无需经验
初级大模型开发工程师,北京锐玑精械智能电子科技有限公司,50-150人,本科,湖北省,武汉,江汉区,9千-1.5万·14薪,15000,9000,无需经验
零代码工程师,广东省测绘技术公司,150-500人,,广东省,广州,黄埔区,5千-1万,10000,5000,无需经验
大数据工程师,中国皮革制鞋研究院有限公司,150-500人,本科,北京,北京,朝阳区,7-9千,9000,7000,1年及以上
初级大模型开发工程师,北京锐玑精械智能电子科技有限公司,50-150人,本科,天津,天津,西青区,9千-1.5万·14薪,15000,9000,无需经验
高薪大数据IT数字工程师,中科兴盛（广西）企业管理有限公司,少于50人,大专,广西,南宁,青秀区,1-1.5万,15000,10000,无需经验
bi数据工程师,杭州四维映射软件有限公司,50-150人,本科,浙江省,杭州,余杭区,5千-1万,10000,5000,1年及以上
初级大模型开发工程师,北京锐玑精械智能电子科技有限公司,50-150人,本科,江苏省,徐州,铜山区,9千-1.5万·14薪,15000,9000,无需经验
标注平台运维开发工程师(J10359),深圳市卓见智能制造有限公司,500-1000人,大专,深圳,深圳,龙华区,1.2-2万,20000,12000,1年及以上
python上位机开发,浙江力氪新能源科技有限公司杭州分公司,50-150人,本科,浙江省,杭州,上城区,1.1-1.4万·13薪,14000,11000,1年及以上
AI数据工程师,上海新阳半导体材料股份有限公司,500-1000人,本科,上海,上海,松江区,1.2-2.4万,24000,12000,2年及以上
初级大模型开发工程师,北京锐玑精械智能电子科技有限公司,50-150人,本科,四川省,成都,青羊区,9千-1.5万·14薪,15000,9000,无需经验
AI工程师,科理咨询（深圳）股份有限公司,50-150人,本科,深圳,深圳,南山区,9千-1.8万,18000,9000,1年及以上
AI开发人员,重庆维普资讯有限公司,150-500人,本科,重庆,重庆,渝北区,1.2-1.5万·13薪,15000,12000,无需经验
初级大模型开发工程师,北京锐玑精械智能电子科技有限公司,50-150人,本科,广东省,广州,天河区,9千-1.5万·14薪,15000,9000,无需经验
数据开发（五险一金+双休）,安阳市世途科技有限公司,少于50人,本科,北京,北京,通州区,9千-1.3万,13000,9000,1年及以上
初级大模型开发工程师,北京锐玑精械智能电子科技有限公司,50-150人,本科,重庆,重庆,南岸区,9千-1.5万·14薪,15000,9000,无需经验
电商RPA专员,广州温雅日用化妆品有限公司,500-1000人,本科,广东省,广州,黄埔区,8千-1万,10000,8000,1年及以上
golang开发助理工程师,山西飞马数据科技有限公司,,大专,安徽省,合肥,蜀山区,7千-1.2万,12000,7000,无需经验
AI算法岗,前锦网络信息技术（上海）有限公司,5000-10000人,本科,广东省,广州,天河区,25-40万/年,,,1年及以上
AI应用开发工程师,深圳市英柏检测技术有限公司,500-1000人,本科,深圳,深圳,光明区,1.5-2万·13薪,20000,15000,1-3年
初级算法工程师,万达宝软件（深圳）有限公司,150-500人,本科,深圳,深圳,南山区,9千-1.5万,15000,9000,1年及以上
python 实习,广州云纳信息科技有限公司,少于50人,大专,广东省,广州,番禺区,3-4千·13薪,4000,3000,无需经验
软件数据生成与分析研发岗,清华大学,10000人以上,本科,北京,北京,海淀区,16-32万/年,,,无需经验
数据采集工程师,上海现代通用识别技术有限公司,50-150人,本科,上海,上海,闵行区,1-1.5万·13薪,15000,10000,无需经验
python实习,广州云纳信息科技有限公司,少于50人,大专,广东省,广州,番禺区,3-4千·13薪,4000,3000,无需经验
软件技术员（算法）,上海安费诺永亿通讯电子有限公司,1000-5000人,大专,浙江省,嘉兴,海盐县,7-9千,9000,7000,无需经验
校园网安全分析研发岗,清华大学,10000人以上,本科,北京,北京,海淀区,16-32万/年,,,无需经验
Python软件开发工程师,河南端琪实业发展有限公司,150-500人,,河南省,郑州,管城回族区,6-8千·13薪,8000,6000,无需经验
AI工程师,深圳云普星河科技服务有限公司,1000-5000人,本科,深圳,深圳,宝安区,8千-1.6万·13薪,16000,8000,1-3年
AI应用开发工程师,上海金曲信息技术有限公司,150-500人,本科,江苏省,常州,新北区,1-2万,20000,10000,无需经验
人工智能训练(DeepSeek),深圳市澜渺科技有限公司,50-150人,大专,深圳,深圳,龙岗区,6-8千,8000,6000,1年及以上
ai工程师,广州市区块链产业协会,少于50人,本科,广东省,广州,天河区,9千-1.5万,15000,9000,无需经验
人工智能训练(DeepSeek),深圳市澜渺科技有限公司,50-150人,大专,深圳,深圳,龙岗区,6-8千,8000,6000,1年及以上
ai工程师,广州市区块链产业协会,少于50人,本科,广东省,广州,天河区,9千-1.5万,15000,9000,无需经验
Ai应用工程师,深圳市阳邦电子有限公司,50-150人,本科,深圳,深圳,南山区,8千-1.5万,15000,8000,1年及以上
校园网安全分析研发岗,清华大学,10000人以上,本科,北京,北京,海淀区,16-32万/年,,,无需经验
AI工程师,深圳云普星河科技服务有限公司,1000-5000人,本科,深圳,深圳,宝安区,8千-1.6万·13薪,16000,8000,1-3年
Python AI开发工程师,凯捷技术咨询（杭州）有限公司,150-500人,本科,浙江省,杭州,西湖区,1.8-2.2万·14薪,22000,18000,3年及以上
数据中心人工智能研发工程师,广东祈福医院有限公司,1000-5000人,本科,广东省,广州,番禺区,1.1-1.5万·13薪,15000,11000,1年及以上
人工智能工程师,贵州恒创顺互联网科技有限公司,,大专,云南省,昆明,五华区,6千-1.2万·13薪,12000,6000,1-2年
数据采集工程师,上海现代通用识别技术有限公司,50-150人,本科,上海,上海,闵行区,1-1.5万·13薪,15000,10000,无需经验
软件数据生成与分析研发岗,清华大学,10000人以上,本科,北京,北京,海淀区,16-32万/年,,,无需经验
AI工程师,康方药业有限公司,1000-5000人,本科,广东省,广州,黄埔区,1.5-2万,20000,15000,1-2年
电子数据工程师,长沙秉研科技有限公司,50-150人,,广东省,广州,越秀区,1-1.8万,18000,10000,无需经验
AI工程师,张家港保税区泰德瑞尔轨道科技有限公司,150-500人,本科,江苏省,苏州,张家港市,7千-1万,10000,7000,1年及以上
人工智能检测专员,深圳市澜渺科技有限公司,50-150人,大专,深圳,深圳,龙岗区,5-7.5千·13薪,7500,5000,无需经验
python实习生,广州合迪信息科技有限公司,少于50人,大专,广东省,广州,天河区,3-5千,5000,3000,无需经验
数据工程师,浙江芯力微电子股份有限公司,,本科,上海,上海,嘉定区,1.2-1.8万,18000,12000,1年
AI专员,广州柏曼光电科技有限公司,150-500人,大专,广东省,广州,黄埔区,6-9千,9000,6000,1-3年
数据挖掘工程员助理,成都安铭汇信息技术有限公司,50-150人,大专,四川省,成都,锦江区,9千-1.2万,12000,9000,无需经验
人工智能应用软件开发（双休，五险一金）,安阳昌嘉互联网信息服务有限公司,,大专,浙江省,杭州,萧山区,9千-1.3万·13薪,13000,9000,无需经验
算法测试工程师（感知方向）,深圳市卓见智能制造有限公司,500-1000人,大专,深圳,深圳,龙华区,6千-1万,10000,6000,1年及以上
数据采集专员,杭州愿达教育科技有限公司,50-150人,大专,浙江省,杭州,拱墅区,7千-1万,10000,7000,1-3年
AI工程师,方正电机（德清）有限公司,1000-5000人,本科,上海,上海,嘉定区,1-2万·13薪,20000,10000,1年及以上
人工智能工程师（双休，五险一金）,安阳昌嘉互联网信息服务有限公司,,大专,浙江省,杭州,上城区,9千-1.3万·13薪,13000,9000,无需经验
开发工程师,玉蝉集团有限公司,5000-10000人,大专,四川省,成都,高新区,8千-1.6万,16000,8000,无需经验
AI开发应用（应届/实习优先）,上海诚利供应链管理（集团）有限公司,,大专,上海,上海,浦东新区,6千-1万·13薪,10000,6000,无需经验
AI数据训练师,广州医博信息技术有限公司,50-150人,本科,广东省,广州,越秀区,1-1.6万,16000,10000,1-3年
初级算法工程师,融捷教育科技有限公司,50-150人,本科,北京,北京,海淀区,1.5-2.5万·13薪,25000,15000,1年及以上
AI数据工程师,上海外高桥保税区国际人才服务有限公司,少于50人,本科,上海,上海,浦东新区,1-2万,20000,10000,无需经验
人工智能开发,陕西华码半导体科技有限公司,,本科,陕西省,西安,雁塔区,1-1.8万·15薪,18000,10000,无需经验
AI软件开发与测试实习生,深圳市宁鑫企业管理有限公司,150-500人,大专,深圳,深圳,龙华区,8千-1.1万,11000,8000,无需经验
校招-大数据工程师(J10330),上海浦江数链数字科技有限公司,少于50人,本科,上海,上海,静安区,1.2-2.4万,24000,12000,无需经验
上海软件开发和软件测试,内蒙古小草人力资源服务有限公司,少于50人,本科,上海,上海,浦东新区,1.5-3万·14薪,30000,15000,无需经验
Python实习生,河南塔韵文化传媒有限公司,150-500人,,河南省,郑州,中原区,4-7千·13薪,7000,4000,无需经验
人工智能训练(DeepSeek),深圳市澜渺科技有限公司,50-150人,大专,深圳,深圳,龙岗区,6-8千,8000,6000,1年及以上
软件数据生成与分析研发岗,清华大学,10000人以上,本科,北京,北京,海淀区,16-32万/年,,,无需经验
深圳软件开发和软件测试,内蒙古小草人力资源服务有限公司,少于50人,本科,深圳,深圳,龙岗区,1.5-3万·14薪,30000,15000,无需经验
AI工程师,张家港保税区泰德瑞尔轨道科技有限公司,150-500人,本科,江苏省,苏州,张家港市,7千-1万,10000,7000,1年及以上
软件技术员（算法）,上海安费诺永亿通讯电子有限公司,1000-5000人,大专,浙江省,嘉兴,海盐县,7-9千,9000,7000,无需经验
研助员（感知/标注）,深圳市卓见智能制造有限公司,500-1000人,大专,湖北省,武汉,蔡甸区,7-9千,9000,7000,1年及以上
AI工程师,方正电机（德清）有限公司,1000-5000人,本科,上海,上海,嘉定区,1-2万·13薪,20000,10000,1年及以上
AI测试工程师,宁波伏特智能制造有限公司,500-1000人,本科,浙江省,宁波,鄞州区,1-1.3万·14薪,13000,10000,1年及以上
软件开发（最低15薪）,内蒙古小草人力资源服务有限公司,少于50人,本科,广东省,东莞,松山湖区,2-4万·15薪,40000,20000,无需经验
东莞软件开发和软件测试,内蒙古小草人力资源服务有限公司,少于50人,本科,广东省,东莞,松山湖区,1.5-3万·14薪,30000,15000,无需经验
算法测试工程师（感知方向）,深圳市卓见智能制造有限公司,500-1000人,大专,深圳,深圳,龙华区,6千-1万,10000,6000,1年及以上
AI数据工程师,上海外高桥保税区国际人才服务有限公司,少于50人,本科,上海,上海,浦东新区,1-2万,20000,10000,无需经验
南京软件开发和软件测试,内蒙古小草人力资源服务有限公司,少于50人,本科,江苏省,南京,雨花台区,1.5-3万·14薪,30000,15000,无需经验
开发工程师,玉蝉集团有限公司,5000-10000人,大专,四川省,成都,高新区,8千-1.6万,16000,8000,无需经验
数据采集专员,杭州愿达教育科技有限公司,50-150人,大专,浙江省,杭州,拱墅区,7千-1万,10000,7000,1-3年
软件开发（最低15薪）,内蒙古小草人力资源服务有限公司,少于50人,本科,江苏省,南京,雨花台区,2-4万·15薪,40000,20000,无需经验
软件开发和软件测试,内蒙古小草人力资源服务有限公司,少于50人,本科,湖北省,武汉,江夏区,1.5-3万·14薪,30000,15000,无需经验
python实习,广州云纳信息科技有限公司,少于50人,大专,广东省,广州,番禺区,3-4千·13薪,4000,3000,无需经验
Python软件开发工程师,河南端琪实业发展有限公司,150-500人,,河南省,郑州,管城回族区,6-8千·13薪,8000,6000,无需经验
python开发实习生,四川品亿科技有限公司,少于50人,本科,四川省,成都,高新区,3千及以下,2000,1000,无需经验
软件开发（最低15薪）,内蒙古小草人力资源服务有限公司,少于50人,本科,北京,北京,海淀区,2-4万·15薪,40000,20000,无需经验
AI专员,广州柏曼光电科技有限公司,150-500人,大专,广东省,广州,黄埔区,6-9千,9000,6000,1-3年
python 实习,广州云纳信息科技有限公司,少于50人,大专,广东省,广州,番禺区,3-4千·13薪,4000,3000,无需经验
软件开发（最低15薪）,内蒙古小草人力资源服务有限公司,少于50人,本科,江苏省,苏州,苏州工业园区,2-4万·15薪,40000,20000,无需经验
人工智能应用软件开发（双休，五险一金）,安阳昌嘉互联网信息服务有限公司,,大专,浙江省,杭州,萧山区,9千-1.3万·13薪,13000,9000,无需经验
初级算法工程师,融捷教育科技有限公司,50-150人,本科,北京,北京,海淀区,1.5-2.5万·13薪,25000,15000,1年及以上
软件开发（最低15薪）,内蒙古小草人力资源服务有限公司,少于50人,本科,四川省,成都,郫都区,2-4万·15薪,40000,20000,无需经验
AI数据训练师,广州医博信息技术有限公司,50-150人,本科,广东省,广州,越秀区,1-1.6万,16000,10000,1-3年
云计算工程师,广西来宾市致远劳务有限公司南宁分公司,少于50人,大专,广西,南宁,青秀区,1-1.5万,15000,10000,1年及以上
初中级数据测试工程师,京北方信息技术股份有限公司上海分公司,10000人以上,本科,上海,上海,静安区,9千-1.2万,12000,9000,1年及以上
软件开发（最低15薪）,内蒙古小草人力资源服务有限公司,少于50人,本科,湖北省,武汉,江夏区,2-4万·15薪,40000,20000,无需经验
数据采集技术人员,贵州鹏莱信息咨询服务有限公司,150-500人,本科,湖南省,长沙,岳麓区,8千-1.3万·14薪,13000,8000,无需经验
Python开发工程师-谱图数据分析,南京霍普斯科技有限公司,150-500人,本科,江苏省,南京,浦口区,1.2-2.1万·14薪,21000,12000,2年及以上
大数据测试工程师,佛山市樱落璃商贸有限公司,少于50人,,河南省,郑州,二七区,7.5-9千,9000,7500,无需经验
算法工程师储备岗（面向应届毕业生）,上海全成通信技术有限公司,150-500人,本科,上海,上海,长宁区,7千-1.2万,12000,7000,无需经验
软件开发（最低15薪）,内蒙古小草人力资源服务有限公司,少于50人,本科,江苏省,苏州,苏州工业园区,2-4万·15薪,40000,20000,无需经验
人工智能工程师/助理工程师,上海外高桥保税区国际人才服务有限公司,少于50人,本科,上海,上海,浦东新区,15-26万/年,,,无需经验
AI测试工程师（急聘）,长沙琨旭电子商务有限公司,50-150人,,北京,北京,西城区,1-1.8万,18000,10000,无需经验
软件开发工程师/算法开发工程师,苏州图墨医疗科技有限公司,少于50人,本科,江苏省,苏州,苏州工业园区,7千-1万,10000,7000,无需经验
软件开发（最低15薪）,内蒙古小草人力资源服务有限公司,少于50人,本科,四川省,成都,郫都区,2-4万·15薪,40000,20000,无需经验
汽车软件开发/测试工程师,西安航投启创人才科技有限公司,150-500人,本科,陕西省,西安,雁塔区,1.3-2.5万,25000,13000,1年及以上
AI应用分析员（应届毕业生）,上海道径电子科技有限公司,50-150人,本科,上海,上海,闵行区,8千-1万,10000,8000,无需经验
AI图像软件工程师,广东炬森智能装备有限公司,50-150人,本科,广东省,广州,黄埔区,8千-1.2万·13薪,12000,8000,无需经验
人工智能测评工程师,上海计算机软件技术开发中心,150-500人,本科,上海,上海,闵行区,1-1.8万,18000,10000,无需经验
软件工程师（6险一金，14薪）,内蒙古小草人力资源服务有限公司,少于50人,本科,陕西省,西安,雁塔区,2-4万·14薪,40000,20000,无需经验
AI软件测试工程师,中软国际科技服务有限公司,10000人以上,本科,深圳,深圳,龙岗区,1-1.8万·13薪,18000,10000,1年及以上
软件开发工程师（15薪 双休）,内蒙古重晟信息技术服务有限公司,少于50人,本科,北京,北京,海淀区,2-4万·14薪,40000,20000,无需经验
软件工程师（6险一金，14薪）,内蒙古小草人力资源服务有限公司,少于50人,本科,江苏省,苏州,苏州工业园区,2-4万·14薪,40000,20000,无需经验
AI 人工智能测试,深圳市冠泰聚光建设工程有限公司,150-500人,本科,深圳,深圳,福田区,6千-1.2万,12000,6000,无需经验
软件开发工程师（15薪 双休）,内蒙古重晟信息技术服务有限公司,少于50人,本科,湖北省,武汉,江夏区,2-4万·14薪,40000,20000,无需经验
软件工程师（6险一金，14薪）,内蒙古小草人力资源服务有限公司,少于50人,本科,深圳,深圳,龙岗区,2-4万·14薪,40000,20000,无需经验
"软件工程师（C++/C, Java/C#, python）",上海全晓信息技术有限公司,150-500人,本科,江苏省,南京,溧水区,1.5-2.5万,25000,15000,3年及以上
软件开发工程师（15薪 双休）,内蒙古重晟信息技术服务有限公司,少于50人,本科,北京,北京,海淀区,2-4万·14薪,40000,20000,无需经验
软件工程师（6险一金，14薪）,内蒙古小草人力资源服务有限公司,少于50人,本科,浙江省,杭州,滨江区,2-4万·14薪,40000,20000,无需经验
初级AI测试,杭州迪普科技股份有限公司,1000-5000人,本科,浙江省,杭州,滨江区,1.2-2万·13薪,20000,12000,1-3年
Python 开发设计师,深圳瑛雄建筑设计工程有限公司,50-150人,大专,湖南省,长沙,芙蓉区,5-7千·13薪,7000,5000,1年及以上
软件开发工程师（15薪 双休）,内蒙古重晟信息技术服务有限公司,少于50人,本科,四川省,成都,郫都区,1.8-3.6万·14薪,36000,18000,无需经验
软件工程师（6险一金，14薪）,内蒙古小草人力资源服务有限公司,少于50人,本科,湖北省,武汉,江夏区,2-4万·14薪,40000,20000,无需经验
软件开发工程师（15薪 双休）,内蒙古重晟信息技术服务有限公司,少于50人,本科,陕西省,西安,雁塔区,1.8-3.6万·14薪,36000,18000,无需经验
软件工程师（6险一金，14薪）,内蒙古小草人力资源服务有限公司,少于50人,本科,四川省,成都,郫都区,2-4万·14薪,40000,20000,无需经验
软件研发工程师,中电普瑞电力工程有限公司,500-1000人,本科,北京,北京,昌平区,15-30万/年,,,2年及以上
软件开发工程师（15薪 双休）,内蒙古重晟信息技术服务有限公司,少于50人,本科,江苏省,南京,雨花台区,1.8-3.6万·14薪,36000,18000,无需经验
深度学习算法工程师,博联众科（武汉）科技有限公司,50-150人,硕士,湖北省,武汉,洪山区,1.5-2.5万·14薪,25000,15000,无需经验
软件工程师（6险一金，14薪）,内蒙古小草人力资源服务有限公司,少于50人,本科,北京,北京,海淀区,2-4万·14薪,40000,20000,无需经验
软件开发工程师（15薪 双休）,内蒙古重晟信息技术服务有限公司,少于50人,本科,江苏省,苏州,苏州工业园区,1.8-3.6万·14薪,36000,18000,无需经验
软件工程师（6险一金，14薪）,内蒙古小草人力资源服务有限公司,少于50人,本科,上海,上海,青浦区,2-4万·14薪,40000,20000,无需经验
IT助理工程师,上海华申瑞利汽车科技有限公司,50-150人,本科,上海,上海,浦东新区,8千-1万·15薪,10000,8000,1年及以上
软件开发工程师（15薪 双休）,内蒙古重晟信息技术服务有限公司,少于50人,本科,江苏省,南京,雨花台区,1.8-3.6万·14薪,36000,18000,无需经验
软件研发工程师,中电普瑞电力工程有限公司,500-1000人,本科,北京,北京,昌平区,15-30万/年,,,2年及以上
软件工程师（6险一金，14薪）,内蒙古小草人力资源服务有限公司,少于50人,本科,四川省,成都,郫都区,2-4万·14薪,40000,20000,无需经验
blender python,尊芯（上海）半导体科技有限公司,少于50人,本科,上海,上海,闵行区,1.2-2万,20000,12000,1-2年
软件开发工程师（15薪 双休）,内蒙古重晟信息技术服务有限公司,少于50人,本科,浙江省,杭州,滨江区,1.8-3.6万·14薪,36000,18000,无需经验
上位机软件工程师-R7135V,昆山华恒机器人有限公司,500-1000人,本科,江苏省,苏州,昆山市,7-9千,9000,7000,1年及以上
安全工程师G10142,上海外服（集团）有限公司,1000-5000人,本科,上海,上海,静安区,1.5-1.8万,18000,15000,3-5年
软件开发工程师（15薪 双休）,内蒙古重晟信息技术服务有限公司,少于50人,本科,陕西省,西安,雁塔区,1.8-3.6万·14薪,36000,18000,无需经验
嵌入式系统开发工程师（C++/Python）,浙江锦佳汽车零部件有限公司,150-500人,本科,浙江省,温州,瑞安市,2-3万,30000,20000,3年及以上
总部-系统管理工程师（高频技术支持方向）,招商期货有限公司,150-500人,本科,深圳,深圳,福田区,2-4万,40000,20000,1年
算法工程师  (C++/QT）,上海太阳生物技术有限公司,500-1000人,硕士,上海,上海,闵行区,20-30万/年,,,1年
后端开发工程师,珠海信达九州科技有限公司,50-150人,本科,广东省,珠海,香洲区,2-3.5万,35000,20000,10年及以上
运维工程师（Linux 系统实施）,上海硕网智能科技有限公司,少于50人,本科,上海,上海,浦东新区,1.2-1.5万,15000,12000,1年及以上
CarSim技术工程师,上海卓宇信息技术有限公司,150-500人,本科,上海,上海,杨浦区,1-1.5万·13薪,15000,10000,无需经验
物联网工程师,成都匠翎信息技术有限公司,50-150人,大专,四川省,成都,高新区,4-6千·13薪,6000,4000,无需经验
测试开发工程师-Labview,珠海保税区光联通讯技术有限公司,1000-5000人,本科,广东省,珠海,香洲区,1.1-1.8万·13薪,18000,11000,3年及以上
视觉算法工程师(J10191),浙江凯乐士科技集团股份有限公司,1000-5000人,本科,湖北省,武汉,汉阳区,1.5-2.5万,25000,15000,3年及以上
图像算法工程师,广州市华粤行仪器有限公司,500-1000人,硕士,广东省,广州,番禺区,1-1.8万·14薪,18000,10000,2年
软件测试工程师,深圳鹏智瑞数字营销有限公司,150-500人,大专,深圳,深圳,南山区,9千-1.3万·13薪,13000,9000,3年及以上
全栈工程师,默戈（江苏）智慧科技有限公司,少于50人,本科,江苏省,苏州,吴江区,1.5-2.5万,25000,15000,3年及以上
电子信息软件工程师,广州友沃医疗设备有限公司,50-150人,本科,广东省,广州,黄埔区,1-2万,20000,10000,2年及以上
全栈工程师,黑蜂智造（深圳）科技有限公司,150-500人,本科,深圳,深圳,宝安区,1.8-2.5万·14薪,25000,18000,5年及以上
后端开发工程师,深圳叶林网络科技有限公司,50-150人,大专,深圳,深圳,罗湖区,1.6-2.2万,22000,16000,5-10年
视觉算法工程师,深圳市艾讯智能硬件有限公司,150-500人,硕士,深圳,深圳,龙岗区,2-3万·13薪,30000,20000,3年及以上
应用运维工程师,快助（天津）科技有限公司,50-150人,本科,北京,北京,通州区,7-8千,8000,7000,1年
图像算法工程师,广州市华粤行仪器有限公司,500-1000人,硕士,广东省,广州,番禺区,1-1.8万·14薪,18000,10000,2年
后端开发工程师,深圳叶林网络科技有限公司,50-150人,大专,深圳,深圳,罗湖区,1.6-2.2万,22000,16000,5-10年
运维实施工程师（上海） (MJ000240),上海擎创信息技术有限公司,150-500人,本科,上海,上海,闵行区,8千-1.2万,12000,8000,1-3年
电子信息软件工程师,广州友沃医疗设备有限公司,50-150人,本科,广东省,广州,黄埔区,1-2万,20000,10000,2年及以上
智驾激光雷达算法工程师,比亚迪股份有限公司,10000人以上,硕士,深圳,深圳,龙岗区,2.1-4.1万,41000,21000,3年及以上
应用场景开发工程师,安徽实朴检测技术服务有限公司,500-1000人,本科,上海,上海,闵行区,1.5-2万,20000,15000,3-5年
C/C++开发工程师,兴业数字金融服务（上海）股份有限公司,1000-5000人,本科,福建省,福州,台江区,20-30万/年,,,无需经验
视觉算法工程师,深圳市艾讯智能硬件有限公司,150-500人,硕士,深圳,深圳,龙岗区,2-3万·13薪,30000,20000,3年及以上
软测工程师,上海霏驰信息科技有限公司,少于50人,大专,上海,上海,浦东新区,1.3-1.6万,16000,13000,3年及以上
测试开发工程师(J11328),深圳市创想三维科技股份有限公司,1000-5000人,本科,深圳,深圳,龙华区,1-1.5万,15000,10000,2年及以上
java开发工程师,快助（天津）科技有限公司,50-150人,本科,四川省,成都,武侯区,1-1.5万,15000,10000,3年及以上
中级软件工程师（双休，国企）,广东暨通信息发展有限公司,150-500人,本科,广东省,广州,天河区,1.5-1.8万·14薪,18000,15000,3年及以上
系统工程师,上海胜华波汽车电器有限公司,1000-5000人,本科,上海,上海,嘉定区,1-1.5万·14薪,15000,10000,5年及以上
脚本工程师,深圳微步信息股份有限公司,500-1000人,大专,深圳,深圳,宝安区,8千-1.5万,15000,8000,3年
全栈工程师,黑蜂智造（深圳）科技有限公司,150-500人,本科,深圳,深圳,宝安区,1.8-2.5万·14薪,25000,18000,5年及以上
机器视觉算法工程师,中粮包装投资有限公司,5000-10000人,本科,浙江省,杭州,钱塘区,8千-1.5万·13薪,15000,8000,3年及以上
芯片验证工程师（ISP/RISCV）(J10681),黑芝麻智能科技有限公司,1000-5000人,硕士,上海,上海,浦东新区,2.5-5万·15薪,50000,25000,3年及以上
软件设计工程师,前锦网络信息技术（上海）有限公司,5000-10000人,本科,河北省,廊坊,三河市,15-30万/年,,,2年及以上
软件开发工程师,深圳市永光神目科技有限公司,少于50人,大专,深圳,深圳,宝安区,8千-1.5万,15000,8000,2年
初级监控运维工程师,数码通信息产业（集团）有限公司,50-150人,本科,上海,上海,长宁区,5-8千,8000,5000,2-4年
中间件软件开发工程师,法雷奥汽车内部控制（深圳）有限公司,1000-5000人,本科,深圳,深圳,宝安区,2-3.5万·14薪,35000,20000,5年及以上
框架测试工程师,济南京智享网络信息科技有限公司,少于50人,大专,山东省,济南,历下区,8千-1万·13薪,10000,8000,5年及以上
高级软件工程师（海外项目部）,四川云智科技有限责任公司,少于50人,本科,四川省,成都,成华区,1-1.8万·13薪,18000,10000,3年及以上
软件测试工程师,深圳鹏智瑞数字营销有限公司,150-500人,大专,深圳,深圳,南山区,9千-1.3万·13薪,13000,9000,3年及以上
java全栈开发工程师,深圳市斯维尔科技股份有限公司,150-500人,本科,深圳,深圳,南山区,1.6-2.6万,26000,16000,3年及以上
机器人算法工程师,五蕴动力科技（浙江）有限公司,少于50人,本科,浙江省,杭州,钱塘区,1-1.5万,15000,10000,3年及以上
中高级Java开发工程师,上海佳依佳信息科技有限公司,50-150人,本科,上海,上海,浦东新区,1.2-1.8万,18000,12000,3年及以上
电池算法开发工程师,无锡锂云科技有限公司,少于50人,本科,江苏省,无锡,惠山区,1-2万,20000,10000,无需经验
高级全栈工程师,珠海信达九州科技有限公司,50-150人,本科,广东省,珠海,香洲区,2-3.5万,35000,20000,10年及以上
软件工程师,荣捷生物工程（苏州）有限公司,50-150人,本科,江苏省,苏州,苏州工业园区,8千-1万·13薪,10000,8000,2年及以上
初级监控运维工程师,数码通信息产业（集团）有限公司,50-150人,本科,上海,上海,长宁区,5-8千,8000,5000,2-4年
AI算法工程师（3D视觉方向）,劢微机器人科技（深圳）有限公司,150-500人,硕士,深圳,深圳,光明区,2.5-4万,40000,25000,1-3年
测试工程师(J11579),快助（天津）科技有限公司,50-150人,本科,北京,北京,朝阳区,2-4千,4000,2000,2年
软件测试工程师（机器人） (MJ004584),上海移远通信技术股份有限公司,1000-5000人,本科,安徽省,合肥,高新区,8千-1.5万,15000,8000,3年及以上
嵌入式开发工程师,北京华中融合科技有限公司,150-500人,本科,深圳,深圳,南山区,8千-1.6万,16000,8000,2年及以上
高级软件开发工程师,强一半导体（苏州）股份有限公司,150-500人,本科,江苏省,苏州,苏州工业园区,2-3万,30000,20000,5-7年
服务器运维工程师,永农生物科学有限公司,1000-5000人,本科,浙江省,绍兴,上虞区,9千-1万·13薪,10000,9000,3年及以上
算法工程师,南京诚芯集成电路技术研究院有限公司,少于50人,本科,江苏省,南京,浦口区,1.4-1.8万·13薪,18000,14000,1年
工业软件开发工程师,浙江大学高端装备研究院,50-150人,本科,浙江省,杭州,临平区,1.2-2.2万,22000,12000,无需经验
AI算法工程师/经理(智能电网）,上海帮伯信息科技有限公司,少于50人,本科,上海,上海,闵行区,22-36万/年,,,3年及以上
高级软件测试工程师,深圳市强薯云网络科技有限公司,150-500人,本科,深圳,深圳,龙华区,1-1.4万,14000,10000,5-8年
控制算法工程师,深圳科创学院,50-150人,本科,深圳,深圳,南山区,5千-1万,10000,5000,1年及以上
边坡隧道数据分析助理工程师,广东华路交通科技有限公司,1000-5000人,本科,广东省,广州,白云区,1-1.5万,15000,10000,2年及以上
软件助理工程师,深圳市超诺科技有限公司,150-500人,本科,深圳,深圳,宝安区,8千-1.5万,15000,8000,无需经验
软件测试工程师（机器人） (MJ004584),上海移远通信技术股份有限公司,1000-5000人,本科,安徽省,合肥,高新区,8千-1.5万,15000,8000,3年及以上
语音交互工程师（预研）,追觅创新科技（苏州）有限公司,1000-5000人,本科,江苏省,苏州,吴中区,2.5-5万·15薪,50000,25000,3年
助理java工程师,北京垣械电子科技有限公司,500-1000人,本科,四川省,成都,武侯区,8千-1.2万·13薪,12000,8000,无需经验
AI 测试工程师 AI Test Engineer,"莱茵技术监护（深圳）有限公司 TUV Rheinland (Shenzhen) Co., Ltd.",500-1000人,本科,深圳,深圳,南山区,1.2-2.4万·13薪,24000,12000,无需经验
数字孪生工程师,中联重科总部,10000人以上,本科,湖南省,长沙,岳麓区,1.5-3万,30000,15000,5年及以上
校招测试工程师(J11556),快助（天津）科技有限公司,50-150人,本科,北京,北京,朝阳区,3千及以下,2000,1000,无需经验
软件工程师,惠州市福莱思电子工程有限公司,150-500人,本科,广东省,惠州,惠城区,1-1.5万,15000,10000,3年及以上
软件测试工程师,广州穗华能源科技有限公司,50-150人,大专,广东省,广州,黄埔区,6千-1.1万,11000,6000,3年及以上
测试工程师(J11579),快助（天津）科技有限公司,50-150人,本科,北京,北京,朝阳区,2-4千,4000,2000,2年
前端开发工程师,嘉兴索亚智能科技有限公司,少于50人,本科,浙江省,嘉兴,南湖区,8千-1.5万·13薪,15000,8000,1-2年
